/*******************************************************************************
 * Size: 64 px
 * Bpp: 4
 * Opts: --font Montserrat-Regular.ttf --size 64 --bpp 4 --format lvgl --range 0x20-0x7E,0xB0 --lv-font-name lv_font_montserrat_64 --output montserrat_64.c
 ******************************************************************************/

#ifdef __has_include
    #if __has_include("lvgl.h")
        #ifndef LV_LVGL_H_INCLUDE_SIMPLE
            #define LV_LVGL_H_INCLUDE_SIMPLE
        #endif
    #endif
#endif

#ifdef LV_LVGL_H_INCLUDE_SIMPLE
    #include "lvgl.h"
#else
    #include "lvgl/lvgl.h"
#endif



#ifndef LV_FONT_MONTSERRAT_64
#define LV_FONT_MONTSERRAT_64 1
#endif

#if LV_FONT_MONTSERRAT_64

/*-----------------
 *    BITMAPS
 *----------------*/

/*Store the image of the glyphs*/
static LV_ATTRIBUTE_LARGE_CONST const uint8_t glyph_bitmap[] = {
    /* U+0020 " " */

    /* U+0021 "!" */
    0x05, 0xff, 0xe0, 0x0f, 0xf0, 0x80, 0x7f, 0xf0,
    0x04, 0x00, 0xe0, 0x1f, 0xfc, 0x03, 0x00, 0xff,
    0x08, 0x06, 0x10, 0x0f, 0xf1, 0x80, 0x67, 0x00,
    0xff, 0x08, 0x06, 0x10, 0x0f, 0xfe, 0x19, 0x80,
    0x7f, 0xc2, 0x01, 0x08, 0x07, 0xfc, 0x60, 0x17,
    0x80, 0x7f, 0xf0, 0xc4, 0x02, 0x10, 0x0f, 0xf8,
    0xc0, 0x27, 0x00, 0xff, 0x84, 0x02, 0x10, 0x0f,
    0xf9, 0xc0, 0x23, 0x00, 0xff, 0x84, 0x02, 0x10,
    0x0f, 0xf8, 0xc0, 0x2f, 0x00, 0xf9, 0x22, 0x21,
    0x00, 0x8d, 0xde, 0x00, 0xff, 0xf0, 0x14, 0x4b,
    0x00, 0x49, 0xae, 0xd3, 0x80, 0x09, 0x00, 0xc6,
    0xc0, 0x40, 0x1d, 0xe0, 0x1f, 0x08, 0x40, 0x07,
    0x50, 0x3c, 0x08, 0x1e, 0x10,

    /* U+0022 "\"" */
    0x9f, 0xf9, 0xc0, 0x3d, 0x5f, 0xf3, 0x08, 0x04,
    0x20, 0x1e, 0x30, 0x08, 0xc0, 0x3f, 0xfa, 0x9e,
    0x01, 0x18, 0x07, 0x84, 0x02, 0x10, 0x0f, 0xfe,
    0xc0, 0x80, 0x7b, 0xc0, 0x30, 0x80, 0x7f, 0xf0,
    0x9c, 0x03, 0xff, 0x90, 0xe0, 0x1f, 0xf1, 0x80,
    0x7f, 0x84, 0x02, 0x10, 0x0f, 0xfe, 0xa0, 0x80,
    0x42, 0x01, 0xe3, 0x00, 0x8c, 0x03, 0xff, 0x9e,
    0x20, 0x18,

    /* U+0023 "#" */
    0x00, 0xff, 0xe0, 0x8f, 0xfc, 0xe0, 0x1f, 0xfc,
    0x07, 0xff, 0x80, 0x3f, 0xf9, 0x24, 0x01, 0x10,
    0x07, 0xff, 0x03, 0x80, 0x02, 0x01, 0xff, 0xc9,
    0x60, 0x09, 0x80, 0x3f, 0xf8, 0x04, 0x00, 0x20,
    0x0f, 0xfe, 0x49, 0x00, 0x44, 0x01, 0xff, 0xc0,
    0x60, 0x03, 0x00, 0x7f, 0xf2, 0x78, 0x02, 0x10,
    0x0f, 0xfe, 0x01, 0x00, 0x08, 0x03, 0xff, 0x92,
    0x40, 0x02, 0x00, 0xff, 0xe0, 0x08, 0x05, 0xc0,
    0x1f, 0xfc, 0x96, 0x00, 0x30, 0x07, 0xff, 0x00,
    0x80, 0x22, 0x00, 0xff, 0xe4, 0x90, 0x00, 0x80,
    0x3f, 0xf8, 0x0c, 0x01, 0x30, 0x07, 0xff, 0x20,
    0x40, 0x2e, 0x00, 0xff, 0xe0, 0x18, 0x04, 0x40,
    0x1f, 0xfc, 0x82, 0x00, 0x88, 0x03, 0xff, 0x81,
    0xc0, 0x01, 0x00, 0xff, 0xe4, 0xb0, 0x04, 0xc0,
    0x1f, 0xfc, 0x02, 0x00, 0x10, 0x07, 0xff, 0x24,
    0x80, 0x22, 0x00, 0xff, 0xe0, 0x30, 0x01, 0x80,
    0x3f, 0xf8, 0x11, 0x1f, 0xd6, 0x01, 0x4c, 0x47,
    0xff, 0x00, 0xc0, 0x0d, 0x11, 0xf9, 0x40, 0x02,
    0xef, 0xfc, 0x60, 0x13, 0xbf, 0xff, 0x04, 0x02,
    0x37, 0x7f, 0xde, 0x01, 0xff, 0xff, 0x00, 0xff,
    0x87, 0xff, 0xf8, 0x02, 0x8f, 0xff, 0xfe, 0x04,
    0x80, 0x5f, 0xff, 0xd4, 0x01, 0xff, 0x10, 0x04,
    0x40, 0x1f, 0xfc, 0x0e, 0x00, 0xff, 0xe6, 0x30,
    0x04, 0xc0, 0x1f, 0xfc, 0x02, 0x00, 0x10, 0x07,
    0xff, 0x24, 0x80, 0x22, 0x00, 0xff, 0xe0, 0x30,
    0x01, 0x80, 0x3f, 0xf9, 0x3c, 0x01, 0x08, 0x07,
    0xff, 0x00, 0x80, 0x04, 0x01, 0xff, 0xc9, 0x20,
    0x01, 0x00, 0x7f, 0xf0, 0x44, 0x01, 0xc0, 0x1f,
    0xfc, 0x96, 0x00, 0x30, 0x07, 0xff, 0x00, 0x80,
    0x22, 0x00, 0xff, 0xe4, 0x90, 0x00, 0x80, 0x3f,
    0xf8, 0x0c, 0x01, 0x30, 0x07, 0xff, 0x24, 0x40,
    0x1c, 0x01, 0xff, 0xc0, 0x20, 0x08, 0x80, 0x3f,
    0xf9, 0x04, 0x01, 0x10, 0x07, 0xff, 0x03, 0x80,
    0x21, 0x00, 0xff, 0xe4, 0x30, 0x04, 0xc0, 0x1f,
    0xfc, 0x02, 0x00, 0x10, 0x07, 0xff, 0x24, 0x80,
    0x22, 0x00, 0xff, 0xe0, 0x30, 0x01, 0x80, 0x3f,
    0xf9, 0x3c, 0x01, 0x08, 0x07, 0xff, 0x00, 0x80,
    0x04, 0x01, 0xff, 0x0c, 0x47, 0xf2, 0x80, 0x51,
    0x1f, 0xfc, 0x11, 0x00, 0x2c, 0x47, 0xe4, 0x00,
    0x1b, 0xbf, 0xf1, 0x00, 0x4e, 0xff, 0xfc, 0x10,
    0x08, 0xdd, 0xff, 0x68, 0x07, 0xff, 0xfc, 0x03,
    0xfe, 0x2f, 0xff, 0xda, 0x01, 0x57, 0xff, 0xff,
    0x02, 0x00, 0x2f, 0xff, 0xe9, 0x00, 0xff, 0x98,
    0x02, 0x60, 0x0f, 0xfe, 0x07, 0x00, 0x08, 0x03,
    0xff, 0x92, 0x40, 0x11, 0x00, 0x7f, 0xf0, 0x08,
    0x00, 0xc0, 0x1f, 0xfc, 0x91, 0x00, 0x84, 0x03,
    0xff, 0x80, 0xc0, 0x02, 0x00, 0xff, 0xe4, 0xf0,
    0x00, 0x80, 0x3f, 0xf8, 0x24, 0x00, 0xe0, 0x0f,
    0xfe, 0x49, 0x00, 0x18, 0x03, 0xff, 0x80, 0x20,
    0x11, 0x00, 0x7f, 0xf2, 0x58, 0x00, 0x40, 0x1f,
    0xfc, 0x02, 0x00, 0x98, 0x03, 0xff, 0x92, 0x40,
    0x0e, 0x00, 0xff, 0xe0, 0x30, 0x04, 0x40, 0x1f,
    0xfc, 0x81, 0x00, 0x88, 0x03, 0xff, 0x80, 0x40,
    0x10, 0x80, 0x7f, 0xf2, 0x08, 0x02, 0x60, 0x0f,
    0xfe, 0x07, 0x00, 0x04, 0x03, 0xff, 0x92, 0xc0,
    0x11, 0x00, 0x7f, 0xf0, 0x08, 0x00, 0x40, 0x1f,
    0xfc, 0x92, 0x00, 0x84, 0x03, 0xff, 0x80, 0xc0,
    0x06, 0x00, 0xff, 0xe0, 0x80,

    /* U+0024 "$" */
    0x00, 0xff, 0xe1, 0xdf, 0xfa, 0x00, 0x3f, 0xff,
    0xe0, 0x1f, 0xff, 0xf0, 0x0f, 0xff, 0xf8, 0x07,
    0xff, 0x68, 0x9a, 0x6f, 0x50, 0x00, 0xfd, 0xb7,
    0x0a, 0x20, 0x1f, 0xfc, 0x56, 0xdd, 0x4b, 0x21,
    0x00, 0x61, 0x24, 0x7a, 0xed, 0x82, 0x00, 0xff,
    0xe0, 0x37, 0x49, 0x00, 0x7f, 0xf0, 0xc9, 0xf6,
    0xcc, 0x03, 0xfa, 0xe4, 0x40, 0x3f, 0xf9, 0x09,
    0x94, 0x20, 0x1c, 0x38, 0x80, 0x1c, 0x2d, 0x58,
    0x60, 0x07, 0xdb, 0x96, 0x20, 0x0f, 0x2a, 0x80,
    0x3a, 0x8c, 0x03, 0x1d, 0xf4, 0xa9, 0xb8, 0x04,
    0x48, 0xd3, 0xba, 0x82, 0x00, 0x89, 0x00, 0x33,
    0x20, 0x06, 0x8c, 0x40, 0x0f, 0xfe, 0x09, 0x3e,
    0xd1, 0x05, 0x80, 0x74, 0x00, 0x69, 0x70, 0x0f,
    0xfe, 0x32, 0xec, 0x30, 0x06, 0x51, 0x00, 0x91,
    0x80, 0x3f, 0xf9, 0x2e, 0x01, 0xd8, 0x01, 0xa0,
    0x03, 0xff, 0xa0, 0xa0, 0x10, 0x98, 0x07, 0xff,
    0x40, 0x80, 0x22, 0x00, 0xff, 0xf9, 0x98, 0x04,
    0x40, 0x1f, 0xfd, 0x16, 0x00, 0x84, 0xc0, 0x3f,
    0xfa, 0x18, 0x01, 0xa0, 0x03, 0xff, 0xa0, 0xa0,
    0x19, 0x24, 0x03, 0xff, 0x9e, 0x4c, 0x01, 0x9a,
    0xc8, 0x03, 0xff, 0x9d, 0x24, 0x01, 0x93, 0x68,
    0xc0, 0x3f, 0xf9, 0xb8, 0x40, 0x1c, 0xb9, 0xd2,
    0x80, 0x1f, 0xfc, 0xa1, 0xd5, 0x00, 0xf0, 0xb5,
    0xa0, 0x00, 0x40, 0x3f, 0xf9, 0x15, 0x66, 0x01,
    0xfe, 0x6f, 0xc8, 0x30, 0x0f, 0xfe, 0x2a, 0x66,
    0x14, 0x03, 0xfc, 0x6f, 0x9d, 0x26, 0x01, 0xff,
    0xc4, 0x3a, 0xfb, 0x62, 0x00, 0xfe, 0x16, 0xcc,
    0x20, 0x07, 0xff, 0x15, 0x27, 0x78, 0xc0, 0x3f,
    0xc7, 0x76, 0x20, 0x0f, 0xfe, 0x30, 0xb8, 0x01,
    0xa9, 0x84, 0x03, 0xc9, 0x88, 0x01, 0xff, 0xc9,
    0x15, 0x9e, 0xb5, 0x00, 0xe1, 0xb3, 0x00, 0xff,
    0xe6, 0x25, 0x72, 0x80, 0x76, 0x80, 0x7f, 0xf3,
    0x86, 0xa4, 0x03, 0x0c, 0x00, 0x7f, 0xf3, 0xda,
    0x00, 0x33, 0x00, 0x7f, 0xf4, 0x1c, 0x80, 0x21,
    0x20, 0x0f, 0xfe, 0x82, 0x80, 0x66, 0x00, 0xff,
    0xe8, 0x68, 0x06, 0x10, 0x0f, 0xff, 0x91, 0x00,
    0x66, 0x01, 0x00, 0xff, 0xe7, 0x60, 0x06, 0x30,
    0x8c, 0x20, 0x0f, 0xfe, 0x59, 0xa0, 0x04, 0x80,
    0x4c, 0x7a, 0xc0, 0x1f, 0xfc, 0xae, 0x00, 0xdc,
    0x10, 0x01, 0x4e, 0xa8, 0x07, 0xff, 0x18, 0xb0,
    0x80, 0x23, 0x50, 0x0f, 0x15, 0x74, 0x10, 0x07,
    0xff, 0x04, 0x63, 0x4c, 0x03, 0x70, 0x02, 0xa0,
    0x03, 0x85, 0xf7, 0x52, 0xc8, 0x40, 0x18, 0xd5,
    0xef, 0x9c, 0x03, 0xac, 0x80, 0x27, 0xc3, 0x00,
    0xf1, 0x34, 0xde, 0xa0, 0x01, 0xf2, 0xa1, 0x00,
    0x38, 0x71, 0x00, 0x38, 0xf2, 0xd0, 0x03, 0xff,
    0x92, 0xde, 0x60, 0x1f, 0x92, 0xf5, 0xc8, 0x03,
    0xff, 0x86, 0x2d, 0xb2, 0x20, 0x1f, 0xf1, 0x46,
    0xf5, 0x3a, 0x10, 0x80, 0x61, 0x35, 0x8c, 0xe9,
    0x20, 0x0f, 0xfe, 0x20, 0xac, 0x5e, 0xf2, 0x00,
    0x1f, 0xb2, 0x9c, 0xc0, 0x3f, 0xff, 0xe0, 0x1f,
    0xff, 0xf0, 0x0f, 0xff, 0xf8, 0x06, 0xe7, 0x76,
    0x00, 0x7f, 0xf0, 0xc0,

    /* U+0025 "%" */
    0x00, 0xf0, 0xbe, 0x77, 0xfb, 0x69, 0x40, 0x3f,
    0xf9, 0x4d, 0xff, 0x30, 0x07, 0xff, 0x02, 0x3a,
    0x0c, 0x40, 0x04, 0xb5, 0xa6, 0x01, 0xff, 0xc7,
    0x29, 0x00, 0x23, 0x00, 0x7f, 0xd8, 0xe0, 0x18,
    0x44, 0x01, 0x16, 0x30, 0x07, 0xff, 0x1b, 0x80,
    0x03, 0x40, 0x1f, 0xf5, 0x98, 0x01, 0x2f, 0xfb,
    0xa8, 0x10, 0x04, 0xa8, 0x07, 0xff, 0x11, 0xcc,
    0x01, 0x62, 0x01, 0xfe, 0x64, 0x00, 0x45, 0xa0,
    0x04, 0x2f, 0xe4, 0x00, 0xb1, 0x00, 0xff, 0xe1,
    0x14, 0x00, 0x15, 0x40, 0x1f, 0xf4, 0x00, 0x19,
    0xc0, 0x3e, 0x1c, 0x10, 0x18, 0x00, 0xff, 0xe1,
    0x70, 0x00, 0x6c, 0x03, 0xfe, 0x61, 0x01, 0x80,
    0x0f, 0xe1, 0x80, 0x03, 0x00, 0x7f, 0xf0, 0x5c,
    0xc0, 0x14, 0x20, 0x1f, 0xf6, 0x80, 0x1c, 0x40,
    0x3f, 0xcc, 0x01, 0x28, 0x07, 0xfc, 0x70, 0x00,
    0x64, 0x00, 0xff, 0xe0, 0x20, 0x03, 0x40, 0x3f,
    0xf8, 0x0a, 0x00, 0xc0, 0x0f, 0xfb, 0x80, 0x03,
    0x20, 0x1f, 0xfc, 0x02, 0x00, 0x94, 0x03, 0xff,
    0x81, 0xa0, 0x02, 0x00, 0xff, 0x41, 0x00, 0x28,
    0x03, 0xff, 0x82, 0xc0, 0x10, 0x80, 0x7f, 0xf0,
    0x08, 0x00, 0xc0, 0x1f, 0xc6, 0xe0, 0x06, 0x40,
    0x0f, 0xfe, 0x20, 0x80, 0x7f, 0xf0, 0x44, 0x00,
    0x60, 0x1f, 0xdc, 0x00, 0x29, 0x00, 0xff, 0xef,
    0xc9, 0x00, 0x38, 0x03, 0xff, 0x86, 0xe0, 0x01,
    0x00, 0xff, 0xe0, 0x88, 0x00, 0xc0, 0x3e, 0x46,
    0x00, 0x39, 0x80, 0x7f, 0xf0, 0xc4, 0x02, 0x10,
    0x0f, 0xfe, 0x01, 0x00, 0x18, 0x03, 0xea, 0x00,
    0x14, 0x00, 0x7f, 0xf1, 0x08, 0x02, 0x50, 0x0f,
    0xfe, 0x06, 0x00, 0x0c, 0x03, 0xd2, 0x20, 0x0e,
    0x00, 0xff, 0xe3, 0x20, 0x03, 0x40, 0x3f, 0xf8,
    0x08, 0x00, 0xc0, 0x0e, 0x46, 0x00, 0x39, 0x80,
    0x7f, 0xf1, 0xb8, 0x00, 0xc2, 0x01, 0xfe, 0x70,
    0x00, 0xa0, 0x06, 0x1a, 0x00, 0x1c, 0x00, 0x7f,
    0xf1, 0xd4, 0x40, 0x14, 0x01, 0xfc, 0x50, 0x00,
    0x60, 0x0e, 0xb1, 0x00, 0x70, 0x07, 0xff, 0x26,
    0xc0, 0x09, 0x20, 0x1f, 0x16, 0x00, 0x06, 0x00,
    0x32, 0xa8, 0x01, 0x04, 0x01, 0xff, 0xc9, 0x55,
    0x00, 0x1b, 0x58, 0x40, 0x07, 0x3a, 0x20, 0x0d,
    0x00, 0xc3, 0x60, 0x03, 0x70, 0x0f, 0xfe, 0x5d,
    0x28, 0x00, 0xa7, 0xbf, 0xd8, 0xc0, 0x15, 0x98,
    0x06, 0xb1, 0x00, 0x70, 0x07, 0x92, 0xb7, 0xfd,
    0xd9, 0x04, 0x01, 0xfe, 0xa9, 0x10, 0x0f, 0xc7,
    0xa8, 0x01, 0x95, 0x40, 0x09, 0x20, 0x0c, 0x59,
    0x6a, 0x40, 0x01, 0x37, 0xd9, 0x00, 0xff, 0x37,
    0x52, 0x98, 0x91, 0xbe, 0x60, 0x80, 0x30, 0xd0,
    0x01, 0x18, 0x03, 0x2e, 0x98, 0x06, 0x10, 0x0c,
    0xd8, 0x20, 0x1f, 0xe5, 0xac, 0xed, 0xc8, 0x30,
    0x0f, 0x50, 0x05, 0x40, 0x18, 0xe8, 0x02, 0x8e,
    0xfe, 0xfb, 0x40, 0x01, 0xe8, 0x07, 0xff, 0x2d,
    0x90, 0x01, 0x22, 0x01, 0xb4, 0x00, 0x5a, 0xe2,
    0x01, 0x25, 0xc0, 0x00, 0xdc, 0x03, 0xff, 0x92,
    0x52, 0x00, 0x46, 0x00, 0xce, 0x20, 0x0f, 0x20,
    0x0f, 0x9d, 0x80, 0x10, 0x20, 0x1f, 0xfc, 0x8e,
    0x00, 0x0d, 0x00, 0x74, 0x80, 0x20, 0x80, 0x3f,
    0xa4, 0x40, 0x0c, 0x01, 0xff, 0xc7, 0x73, 0x00,
    0x58, 0x80, 0x64, 0x10, 0x03, 0x00, 0x7f, 0xcc,
    0x00, 0xb0, 0x0f, 0xfe, 0x31, 0x40, 0x01, 0x54,
    0x01, 0xd8, 0x00, 0x41, 0x00, 0xff, 0xac, 0x00,
    0x60, 0x1f, 0xfc, 0x6e, 0x00, 0x0d, 0x80, 0x78,
    0x80, 0x06, 0x01, 0xff, 0xc0, 0x30, 0x08, 0xc0,
    0x3f, 0xf8, 0x8e, 0x60, 0x0a, 0x10, 0x0f, 0x30,
    0x03, 0x80, 0x3f, 0xf8, 0x22, 0x00, 0x60, 0x0f,
    0xfe, 0x19, 0x40, 0x01, 0x50, 0x03, 0xe1, 0x00,
    0x18, 0x07, 0xff, 0x04, 0xc0, 0x3f, 0xf8, 0xde,
    0x00, 0x1a, 0x00, 0xff, 0xef, 0xc1, 0x00, 0x28,
    0x03, 0xf8, 0x40, 0x06, 0x01, 0xff, 0xc1, 0x30,
    0x0f, 0xfe, 0x21, 0xb8, 0x01, 0x90, 0x03, 0xf9,
    0x80, 0x1c, 0x01, 0xff, 0xc1, 0x10, 0x03, 0x00,
    0x7f, 0xf0, 0x78, 0x00, 0x52, 0x01, 0xfe, 0x20,
    0x01, 0x80, 0x7f, 0xf0, 0x0c, 0x02, 0x30, 0x0f,
    0xfe, 0x04, 0x90, 0x03, 0x80, 0x3f, 0xec, 0x00,
    0x20, 0x80, 0x7f, 0xd6, 0x00, 0x30, 0x0f, 0xfe,
    0x01, 0xb0, 0x01, 0xcc, 0x03, 0xfe, 0x41, 0x00,
    0x30, 0x07, 0xfc, 0xc0, 0x0b, 0x00, 0xff, 0xe0,
    0x70, 0x00, 0xa0, 0x03, 0xff, 0x83, 0x20, 0x08,
    0x20, 0x0f, 0xe9, 0x10, 0x03, 0x00, 0x7f, 0xd2,
    0x40, 0x0e, 0x00, 0xff, 0xe1, 0x38, 0x80, 0x3c,
    0x80, 0x3e, 0x76, 0x00, 0x40, 0x80, 0x7f, 0x91,
    0x80, 0x0e, 0x60, 0x1f, 0xfc, 0x3d, 0x00, 0x16,
    0xb8, 0x80, 0x49, 0x70, 0x00, 0x37, 0x00, 0xff,
    0x0d, 0x00, 0x0e, 0x00, 0x3f, 0xf8, 0x87, 0x40,
    0x14, 0x77, 0xf7, 0xda, 0x00, 0x0f, 0x40, 0x3f,
    0xeb, 0x10, 0x07, 0x00, 0x7f, 0xf1, 0x97, 0x4c,
    0x03, 0x08, 0x06, 0x6c, 0x10, 0x0f, 0xf2, 0xa8,
    0x01, 0x04, 0x01, 0xff, 0xc7, 0x2c, 0xb5, 0x20,
    0x00, 0x9b, 0xec, 0x80, 0x70,

    /* U+0026 "&" */
    0x00, 0xff, 0xe0, 0x2c, 0xe7, 0x7f, 0xdb, 0x4a,
    0x01, 0xff, 0xcf, 0x8f, 0xa6, 0x31, 0x00, 0x89,
    0x6b, 0xdc, 0x03, 0xff, 0x96, 0x5a, 0xe0, 0x1f,
    0xfc, 0x08, 0xc1, 0x00, 0xff, 0xe4, 0x16, 0x10,
    0x06, 0x47, 0x99, 0x42, 0x80, 0x63, 0xd0, 0x0f,
    0xfe, 0x47, 0x88, 0x04, 0xdd, 0x70, 0xcc, 0x7a,
    0xe6, 0x00, 0x8d, 0xc0, 0x3f, 0xf8, 0xcc, 0x40,
    0x14, 0x48, 0x80, 0x78, 0x65, 0xc0, 0x29, 0x00,
    0xff, 0xe3, 0x50, 0x04, 0x8e, 0x01, 0xfe, 0x82,
    0x00, 0x0a, 0x00, 0x7f, 0xf1, 0x4c, 0x02, 0xf0,
    0x0f, 0xfe, 0x02, 0x80, 0x46, 0x01, 0xff, 0xc4,
    0x20, 0x0c, 0xa0, 0x1f, 0xfc, 0x0e, 0x00, 0xbc,
    0x03, 0xff, 0x88, 0x20, 0x18, 0x40, 0x3f, 0xf8,
    0x9e, 0x01, 0xff, 0xd6, 0xc0, 0x08, 0x80, 0x3f,
    0xf8, 0x84, 0x01, 0x90, 0x03, 0xfe, 0x15, 0x00,
    0x90, 0x03, 0xff, 0x88, 0x24, 0x01, 0x68, 0x07,
    0xfd, 0x60, 0x12, 0x08, 0x07, 0xff, 0x15, 0x40,
    0x26, 0x20, 0x0f, 0xe8, 0x50, 0x0a, 0x00, 0x3f,
    0xf8, 0xd2, 0x01, 0xb8, 0x03, 0xf5, 0x38, 0x05,
    0x06, 0x01, 0xff, 0xc6, 0x18, 0x00, 0x8e, 0x80,
    0x38, 0xf5, 0x40, 0x26, 0x70, 0x0f, 0xfe, 0x43,
    0xa0, 0x04, 0xb0, 0x01, 0x46, 0x10, 0x04, 0xf2,
    0x01, 0xff, 0xca, 0xa1, 0x00, 0x9d, 0x97, 0x9c,
    0x02, 0x1a, 0x80, 0x0f, 0xfe, 0x58, 0xe0, 0x06,
    0x9a, 0x10, 0x09, 0x3d, 0x40, 0x3f, 0xf9, 0xa5,
    0x60, 0x1f, 0x0d, 0x58, 0x80, 0x7f, 0xf3, 0xf0,
    0x03, 0xc9, 0xca, 0x01, 0xff, 0xcf, 0x4d, 0x70,
    0x0f, 0x22, 0x00, 0x3f, 0xf9, 0xf3, 0x64, 0x01,
    0x10, 0x06, 0xb3, 0x00, 0xff, 0xe6, 0x16, 0xb0,
    0x04, 0x35, 0xb2, 0x01, 0xb0, 0xc0, 0x3f, 0xf9,
    0x49, 0xa4, 0x01, 0x2f, 0xa8, 0x34, 0x80, 0x6c,
    0x30, 0x0f, 0xf0, 0xa8, 0x07, 0xe4, 0xb0, 0x0d,
    0x54, 0x10, 0x09, 0xa0, 0x03, 0x69, 0x00, 0x7f,
    0x3d, 0x7d, 0x98, 0x06, 0x3b, 0x00, 0x8b, 0x54,
    0x03, 0xcf, 0x00, 0x10, 0xe1, 0x00, 0x7e, 0xf0,
    0x02, 0x38, 0x06, 0xd0, 0x08, 0xb0, 0x80, 0x3f,
    0x3b, 0x80, 0x21, 0xc2, 0x00, 0xf9, 0xc0, 0x25,
    0x00, 0xa0, 0x40, 0x2f, 0x10, 0x0f, 0xf4, 0x38,
    0x04, 0x38, 0x40, 0x1c, 0x62, 0x00, 0x31, 0x00,
    0x0b, 0x80, 0x50, 0x40, 0x1f, 0xfc, 0x08, 0x60,
    0x08, 0x70, 0x40, 0x35, 0x80, 0x48, 0x01, 0x38,
    0x06, 0x60, 0x0f, 0xfe, 0x14, 0xb0, 0x04, 0x38,
    0x20, 0x13, 0x00, 0x54, 0x01, 0x60, 0x04, 0x82,
    0x01, 0xff, 0xc3, 0x96, 0x00, 0x8b, 0x04, 0x18,
    0x40, 0x06, 0x40, 0x13, 0x00, 0x44, 0x01, 0xff,
    0xc5, 0x95, 0x00, 0x8b, 0x06, 0xc0, 0x2a, 0x00,
    0xc2, 0x01, 0x08, 0x07, 0xff, 0x1a, 0x94, 0x02,
    0x2f, 0x20, 0x00, 0xb0, 0x07, 0xe2, 0x00, 0xff,
    0xe3, 0xd2, 0x00, 0x42, 0x01, 0x40, 0x07, 0x30,
    0x04, 0x80, 0x1f, 0xfc, 0x8b, 0x40, 0x0e, 0x36,
    0x00, 0xec, 0x00, 0x85, 0x40, 0x3f, 0xf9, 0x14,
    0x01, 0xff, 0xc0, 0x50, 0x0d, 0x62, 0x01, 0xff,
    0xc6, 0x1d, 0x00, 0xe3, 0xb0, 0x0e, 0x25, 0x00,
    0x87, 0x04, 0x03, 0xff, 0x88, 0x9e, 0x60, 0x1e,
    0x4b, 0x00, 0xeb, 0x10, 0x08, 0xbd, 0x80, 0x3f,
    0xf8, 0x27, 0x56, 0x20, 0x13, 0x18, 0x04, 0x94,
    0x01, 0x87, 0x40, 0x30, 0xcf, 0x41, 0x80, 0x7c,
    0x6f, 0x98, 0x50, 0x0d, 0x13, 0xa4, 0x01, 0x2d,
    0x00, 0x63, 0xd2, 0x00, 0xc2, 0xf9, 0xfd, 0xb9,
    0xbd, 0xf9, 0x06, 0x01, 0x86, 0xdc, 0x07, 0x08,
    0x02, 0x59, 0x00, 0xc5, 0xac, 0x01, 0xf0, 0x91,
    0x90, 0x80, 0x7c, 0xfc, 0x80, 0x10, 0xe1, 0x00,
    0x4d, 0x20, 0x1d, 0x3a, 0xc0, 0x1f, 0xfc, 0x22,
    0x8e, 0x80, 0x0f, 0x0e, 0x08, 0x05, 0xc0, 0x1e,
    0x29, 0xfb, 0x74, 0x20, 0x0c, 0x26, 0xd3, 0xba,
    0x71, 0x00, 0xfc, 0x38, 0x20, 0xce, 0x01, 0xfc,
    0x91, 0x7b, 0xff, 0xbb, 0x25, 0x88, 0x03, 0xff,
    0x80, 0x58, 0xb2, 0x00,

    /* U+0027 "'" */
    0x9f, 0xf9, 0xc4, 0x02, 0x10, 0x0f, 0xf7, 0x80,
    0x46, 0x01, 0xff, 0xc2, 0x11, 0x00, 0x7f, 0xf0,
    0x5c, 0xc0, 0x3f, 0xf8, 0x42, 0x01, 0x08, 0x07,
    0xf8,

    /* U+0028 "(" */
    0x00, 0xf8, 0xff, 0xf1, 0x00, 0x7d, 0xe0, 0x13,
    0x10, 0x07, 0x94, 0xc0, 0x2b, 0x00, 0xfa, 0x00,
    0x26, 0x20, 0x0f, 0x21, 0x00, 0x56, 0x01, 0xf7,
    0x80, 0x48, 0x40, 0x1e, 0x24, 0x00, 0xbc, 0x03,
    0xea, 0x00, 0x85, 0x00, 0x3e, 0x60, 0x09, 0x80,
    0x3e, 0x41, 0x00, 0xac, 0x03, 0xed, 0x00, 0x88,
    0xc0, 0x3e, 0x40, 0x09, 0x00, 0x3e, 0x22, 0x00,
    0x5a, 0x01, 0xf2, 0x00, 0x64, 0x00, 0xfb, 0x00,
    0x23, 0x00, 0xfc, 0xe0, 0x12, 0x80, 0x7c, 0x24,
    0x01, 0x60, 0x07, 0xca, 0x01, 0x9c, 0x03, 0xe3,
    0x00, 0xc4, 0x01, 0xf7, 0x00, 0x44, 0x01, 0xf8,
    0x80, 0x26, 0x00, 0xfc, 0xc0, 0x11, 0x00, 0x7e,
    0x20, 0x08, 0x40, 0x3e, 0x10, 0x0d, 0xc0, 0x1f,
    0x18, 0x06, 0x30, 0x0f, 0x84, 0x03, 0x08, 0x07,
    0xce, 0x01, 0x9c, 0x03, 0xff, 0x80, 0x20, 0x1f,
    0x08, 0x07, 0xff, 0x9c, 0x40, 0x3f, 0xf8, 0xa2,
    0x01, 0xf3, 0x80, 0x67, 0x00, 0xf8, 0x40, 0x30,
    0x80, 0x7c, 0x60, 0x18, 0xc0, 0x3e, 0x10, 0x0d,
    0xc0, 0x1f, 0x88, 0x02, 0x10, 0x0f, 0xcc, 0x01,
    0x10, 0x07, 0xe2, 0x00, 0x98, 0x03, 0xf7, 0x80,
    0x44, 0x01, 0xf8, 0x80, 0x31, 0x00, 0x7c, 0xa0,
    0x19, 0xc0, 0x3e, 0x12, 0x00, 0xb0, 0x03, 0xf3,
    0x80, 0x4a, 0x01, 0xfb, 0x00, 0x23, 0x00, 0xfc,
    0xe0, 0x19, 0x00, 0x3e, 0x12, 0x00, 0xb4, 0x03,
    0xf2, 0x80, 0x48, 0x01, 0xfa, 0xc0, 0x22, 0x20,
    0x07, 0xc6, 0x20, 0x15, 0x00, 0x7e, 0x60, 0x09,
    0x80, 0x3f, 0x50, 0x04, 0x28, 0x01, 0xf1, 0x20,
    0x05, 0xe0, 0x1f, 0xbc, 0x02, 0x42, 0x00, 0xf9,
    0x0c, 0x02, 0xb0, 0x0f, 0xd0, 0x01, 0x31, 0x00,
    0x7c, 0x86, 0x01, 0x58, 0x07, 0xef, 0x00, 0x98,
    0x80,

    /* U+0029 ")" */
    0x2f, 0xfc, 0x60, 0x1f, 0x13, 0x00, 0x5e, 0x01,
    0xfa, 0x00, 0x23, 0x50, 0x0f, 0x85, 0x80, 0x28,
    0x00, 0xfd, 0x60, 0x11, 0x28, 0x07, 0xc4, 0xa0,
    0x14, 0x00, 0x7e, 0x90, 0x08, 0x8c, 0x03, 0xe3,
    0x20, 0x0a, 0x40, 0x3f, 0x50, 0x04, 0xa0, 0x1f,
    0x94, 0x03, 0x28, 0x07, 0xc4, 0x60, 0x17, 0x80,
    0x7e, 0x40, 0x09, 0x40, 0x3f, 0x58, 0x06, 0x30,
    0x0f, 0x8c, 0x03, 0x58, 0x07, 0xe4, 0x00, 0x8c,
    0x03, 0xf1, 0x80, 0x48, 0x01, 0xfb, 0x00, 0x31,
    0x00, 0x7c, 0xa0, 0x19, 0xc0, 0x3e, 0x10, 0x0d,
    0xa0, 0x1f, 0x8c, 0x02, 0x20, 0x0f, 0xcc, 0x01,
    0x30, 0x07, 0xe2, 0x00, 0x88, 0x03, 0xf7, 0x80,
    0x42, 0x01, 0xf8, 0x80, 0x31, 0x00, 0x7c, 0x20,
    0x18, 0x40, 0x3e, 0x70, 0x0c, 0xe0, 0x1f, 0x08,
    0x06, 0x10, 0x0f, 0x8c, 0x03, 0xff, 0x8a, 0x60,
    0x1f, 0xfe, 0x73, 0x00, 0xf8, 0xc0, 0x3f, 0xf8,
    0x02, 0x01, 0x84, 0x03, 0xe7, 0x00, 0xce, 0x01,
    0xf0, 0x80, 0x61, 0x00, 0xf8, 0x80, 0x31, 0x00,
    0x7d, 0xe0, 0x10, 0x80, 0x7e, 0x20, 0x08, 0x80,
    0x3f, 0x30, 0x04, 0xc0, 0x1f, 0x8c, 0x02, 0x20,
    0x0f, 0x84, 0x03, 0x68, 0x07, 0xca, 0x01, 0x9c,
    0x03, 0xec, 0x00, 0xc4, 0x01, 0xf1, 0x80, 0x48,
    0x01, 0xf9, 0x00, 0x2c, 0x00, 0xf8, 0xc0, 0x32,
    0x00, 0x7d, 0x60, 0x10, 0x98, 0x07, 0xc8, 0x01,
    0x20, 0x07, 0xc4, 0x60, 0x17, 0x80, 0x7c, 0xa0,
    0x19, 0x40, 0x3e, 0xa0, 0x09, 0x80, 0x3e, 0x32,
    0x00, 0xa8, 0x03, 0xe9, 0x00, 0x8c, 0xc0, 0x1e,
    0x25, 0x00, 0xa4, 0x03, 0xeb, 0x00, 0x89, 0x40,
    0x3c, 0x2c, 0x01, 0x40, 0x07, 0xd0, 0x01, 0x1a,
    0x80, 0x78, 0x98, 0x02, 0xf0, 0x0f, 0x80,

    /* U+002A "*" */
    0x00, 0xfe, 0x2f, 0xf6, 0x80, 0x7f, 0xf1, 0xcc,
    0x03, 0xff, 0xe0, 0x48, 0x01, 0xff, 0xc5, 0x50,
    0x0a, 0x2e, 0x84, 0x03, 0xff, 0x82, 0x79, 0x4c,
    0x06, 0xa0, 0xbc, 0xe0, 0x1f, 0xe1, 0xac, 0x30,
    0x80, 0x14, 0x00, 0xa3, 0x50, 0x03, 0xe7, 0xe5,
    0x00, 0x9c, 0x0a, 0xec, 0x40, 0x02, 0xbb, 0x10,
    0x04, 0x9b, 0x00, 0x12, 0x6c, 0x80, 0x49, 0xb2,
    0x20, 0x04, 0xc0, 0x01, 0x59, 0x00, 0x0a, 0xec,
    0x40, 0x1e, 0x6f, 0x70, 0x0f, 0xc3, 0x3a, 0x80,
    0x1f, 0xc3, 0x1a, 0x20, 0x1c, 0x7c, 0xc0, 0x1f,
    0xfc, 0x05, 0xf1, 0x00, 0xe3, 0xc3, 0x00, 0xff,
    0x1e, 0x51, 0x00, 0x7c, 0x79, 0x22, 0x01, 0xe1,
    0xac, 0x30, 0x00, 0xc8, 0x00, 0x9c, 0x02, 0x6e,
    0x70, 0x0d, 0x1c, 0xa0, 0x13, 0xf3, 0x80, 0x51,
    0xa8, 0x01, 0x47, 0x28, 0x2b, 0x80, 0x49, 0xb0,
    0x01, 0xe2, 0xbb, 0x10, 0x00, 0x68, 0x54, 0xc0,
    0xae, 0xc4, 0x01, 0xfc, 0x9b, 0x00, 0x07, 0x10,
    0xf8, 0xd4, 0x00, 0xff, 0xe0, 0xbf, 0x34, 0x80,
    0x0d, 0xc0, 0x3f, 0xf8, 0x83, 0x22, 0x01, 0xff,
    0xec, 0x30, 0x0f, 0xfe, 0x51, 0x66, 0x3c, 0x03,
    0xfc,

    /* U+002B "+" */
    0x00, 0xff, 0xe0, 0x24, 0x44, 0x60, 0x1f, 0xfc,
    0xcd, 0x77, 0x94, 0x03, 0xff, 0xfe, 0x01, 0xff,
    0xff, 0x00, 0xff, 0xff, 0x80, 0x7f, 0xff, 0xc0,
    0x0d, 0x99, 0xff, 0x38, 0x05, 0x19, 0x9f, 0xf1,
    0xf1, 0x9f, 0xfc, 0x20, 0x10, 0x99, 0xff, 0xcc,
    0x01, 0xff, 0xee, 0x8f, 0xff, 0xf9, 0x80, 0x29,
    0xff, 0xff, 0x94, 0x03, 0xff, 0xfe, 0x01, 0xff,
    0xff, 0x00, 0xff, 0xff, 0x80, 0x7f, 0xff, 0xc0,
    0x1a, 0xef, 0x28, 0x07, 0xff, 0x00,

    /* U+002C "," */
    0x01, 0xae, 0xd7, 0x00, 0xb1, 0x44, 0xa2, 0x00,
    0xc4, 0x01, 0x9c, 0x38, 0x03, 0xc5, 0xc0, 0x1e,
    0x37, 0x10, 0x0c, 0x23, 0x61, 0x80, 0x4e, 0x00,
    0x2a, 0x00, 0xb4, 0x02, 0xf0, 0x00, 0xa0, 0x04,
    0x80, 0x04, 0x00, 0x84, 0x80, 0x1e, 0x01, 0x20,
    0x04, 0xa0, 0x16, 0x00, 0x10, 0x03, 0x20, 0x03,
    0x40, 0x21, 0x20, 0x03, 0x80, 0x4a, 0x00, 0x31,
    0x00, 0x80,

    /* U+002D "-" */
    0x2f, 0xff, 0xfe, 0x24, 0x80, 0x7f, 0xfa, 0x80,

    /* U+002E "." */
    0x02, 0xbf, 0xe8, 0x00, 0x0e, 0x20, 0x0b, 0xc8,
    0x30, 0x80, 0x66, 0x0e, 0x00, 0xf1, 0x70, 0x07,
    0x89, 0x84, 0x03, 0x38, 0x0e, 0x20, 0x0b, 0xc0,
    0x00,

    /* U+002F "/" */
    0x00, 0xff, 0xe4, 0xa4, 0x44, 0x80, 0x1f, 0xfc,
    0x99, 0x77, 0x84, 0x03, 0xff, 0x90, 0x44, 0x00,
    0x94, 0x03, 0xff, 0x91, 0x40, 0x12, 0x80, 0x7f,
    0xf2, 0x58, 0x02, 0xe0, 0x0f, 0xfe, 0x41, 0x88,
    0x00, 0x50, 0x03, 0xff, 0x91, 0x40, 0x13, 0x80,
    0x7f, 0xf2, 0x5c, 0x02, 0xa0, 0x0f, 0xfe, 0x42,
    0x08, 0x00, 0x4c, 0x03, 0xff, 0x91, 0xc0, 0x13,
    0x00, 0x7f, 0xf2, 0x54, 0x02, 0xb0, 0x0f, 0xfe,
    0x42, 0x80, 0x44, 0x60, 0x1f, 0xfc, 0x8f, 0x00,
    0xa8, 0x03, 0xff, 0x92, 0xa0, 0x12, 0x80, 0x7f,
    0xf2, 0x14, 0x02, 0x32, 0x00, 0xff, 0xe4, 0x70,
    0x05, 0x60, 0x1f, 0xfc, 0x81, 0x40, 0x09, 0x80,
    0x3f, 0xf9, 0x0e, 0x01, 0x18, 0x80, 0x7f, 0xf2,
    0x28, 0x02, 0xa0, 0x0f, 0xfe, 0x40, 0x98, 0x04,
    0xe0, 0x1f, 0xfc, 0x86, 0x00, 0x90, 0x40, 0x3f,
    0xf9, 0x14, 0x01, 0x70, 0x07, 0xff, 0x20, 0x88,
    0x01, 0x28, 0x07, 0xff, 0x22, 0x80, 0x25, 0x00,
    0xff, 0xe4, 0xa8, 0x05, 0xc0, 0x1f, 0xfc, 0x83,
    0x20, 0x00, 0xa0, 0x07, 0xff, 0x22, 0xc0, 0x27,
    0x00, 0xff, 0xe4, 0xb0, 0x05, 0xa0, 0x1f, 0xfc,
    0x84, 0x10, 0x00, 0xa0, 0x07, 0xff, 0x23, 0x40,
    0x27, 0x00, 0xff, 0xe4, 0xb8, 0x05, 0x40, 0x1f,
    0xfc, 0x84, 0x10, 0x01, 0x18, 0x07, 0xff, 0x23,
    0x80, 0x25, 0x00, 0xff, 0xe4, 0xa8, 0x05, 0x40,
    0x1f, 0xfc, 0x85, 0x00, 0x88, 0x80, 0x1f, 0xfc,
    0x8e, 0x00, 0xa8, 0x03, 0xff, 0x90, 0x28, 0x01,
    0x30, 0x07, 0xff, 0x21, 0xc0, 0x23, 0x10, 0x0f,
    0xfe, 0x46, 0x80, 0x54, 0x01, 0xff, 0xc8, 0x14,
    0x00, 0x9c, 0x03, 0xff, 0x90, 0xc0, 0x12, 0x08,
    0x07, 0xff, 0x22, 0xc0, 0x2e, 0x00, 0xff, 0xe4,
    0x11, 0x80, 0x4a, 0x01, 0xff, 0xc8, 0x50, 0x09,
    0x40, 0x3f, 0xf9, 0x34, 0x01, 0x78, 0x07, 0xff,
    0x20, 0x88, 0x01, 0x28, 0x07, 0xff, 0x22, 0x80,
    0x25, 0x00, 0xff, 0xe4, 0xb0, 0x05, 0xc0, 0x1f,
    0xfc, 0x83, 0x10, 0x00, 0xa0, 0x07, 0xff, 0x22,
    0x80, 0x27, 0x00, 0xff, 0xe4, 0xb8, 0x05, 0x40,
    0x1f, 0xfc, 0x84, 0x10, 0x00, 0x98, 0x07, 0xff,
    0x23, 0x80, 0x26, 0x00, 0xff, 0xe4, 0xa8, 0x05,
    0x40, 0x1f, 0xfc, 0x85, 0x00, 0x88, 0x80, 0x1f,
    0xfc, 0x8f, 0x00, 0xa8, 0x03, 0xff, 0x92, 0xa0,
    0x12, 0x80, 0x7f, 0xf2, 0x14, 0x02, 0x32, 0x00,
    0xff, 0xe4, 0x70, 0x05, 0x40, 0x1f, 0xfc, 0x81,
    0x40, 0x09, 0xc0, 0x3f, 0xf9, 0x0e, 0x01, 0x20,
    0x80, 0x7f, 0xf2, 0x00,

    /* U+0030 "0" */
    0x00, 0xff, 0xe0, 0x0b, 0x4e, 0x77, 0xfd, 0xb6,
    0xe6, 0x01, 0xff, 0xcb, 0x3a, 0xe9, 0x63, 0x10,
    0x08, 0x92, 0x33, 0x58, 0x03, 0xff, 0x8e, 0x35,
    0x8a, 0x01, 0xff, 0xc0, 0x29, 0xd3, 0x00, 0xff,
    0xe2, 0x1f, 0xa8, 0x07, 0xff, 0x10, 0xb2, 0x00,
    0x3f, 0xf8, 0x49, 0x82, 0x01, 0xc6, 0xf5, 0x79,
    0x70, 0xa0, 0x1e, 0x7a, 0x00, 0xff, 0xe0, 0x25,
    0x80, 0x72, 0xee, 0x42, 0xa1, 0xa3, 0xd7, 0xc8,
    0x80, 0x65, 0x90, 0x0f, 0xf0, 0xd0, 0x06, 0x1b,
    0xa2, 0x00, 0xfe, 0x6e, 0x50, 0x0c, 0xcc, 0x00,
    0xfe, 0xd1, 0x00, 0x8b, 0xd0, 0x03, 0xff, 0x83,
    0x4e, 0x01, 0xa4, 0x80, 0x3e, 0x63, 0x00, 0x87,
    0x04, 0x03, 0xff, 0x87, 0x0a, 0x01, 0xb8, 0x03,
    0xe8, 0x00, 0xd4, 0x20, 0x1f, 0xfc, 0x5a, 0x20,
    0x08, 0xd4, 0x03, 0x98, 0x40, 0x25, 0x40, 0x0f,
    0xfe, 0x3c, 0x80, 0x69, 0x00, 0xeb, 0x00, 0xd0,
    0x01, 0xff, 0xc8, 0x43, 0x00, 0x8c, 0xc0, 0x11,
    0x90, 0x04, 0xa4, 0x01, 0xff, 0xc9, 0x80, 0x0d,
    0x40, 0x15, 0x80, 0x6e, 0x00, 0xff, 0xe5, 0x20,
    0x80, 0x4e, 0x01, 0x20, 0x06, 0x40, 0x0f, 0xfe,
    0x5b, 0x80, 0x42, 0x60, 0x03, 0x00, 0x90, 0x03,
    0xff, 0x99, 0x80, 0x19, 0x40, 0xc0, 0x31, 0x80,
    0x7f, 0xf3, 0x1c, 0x03, 0x78, 0x30, 0x06, 0xd0,
    0x0f, 0xfe, 0x61, 0x00, 0x65, 0x02, 0x00, 0xcc,
    0x01, 0xff, 0xcd, 0x20, 0x08, 0x83, 0xc0, 0x31,
    0x00, 0x7f, 0xf3, 0x58, 0x02, 0x10, 0x10, 0x0c,
    0x20, 0x1f, 0xfc, 0xd1, 0x00, 0xe3, 0x00, 0xff,
    0xeb, 0x88, 0x07, 0xff, 0xf8, 0xc0, 0x3f, 0xfa,
    0xe2, 0x20, 0x0c, 0x20, 0x1f, 0xfc, 0xd1, 0x00,
    0xef, 0x00, 0xc4, 0x01, 0xff, 0xcd, 0x60, 0x08,
    0x40, 0x80, 0x33, 0x00, 0x7f, 0xf3, 0x48, 0x02,
    0x20, 0x60, 0x0d, 0xa0, 0x1f, 0xfc, 0xc2, 0x00,
    0xca, 0x06, 0x01, 0x8c, 0x03, 0xff, 0x98, 0xe0,
    0x1b, 0xc0, 0x06, 0x01, 0x20, 0x07, 0xff, 0x33,
    0x00, 0x32, 0x80, 0x10, 0x03, 0x20, 0x07, 0xff,
    0x2d, 0xc0, 0x21, 0x30, 0x05, 0x80, 0x6e, 0x00,
    0xff, 0xe5, 0x20, 0x80, 0x4e, 0x01, 0x19, 0x00,
    0x4a, 0x40, 0x1f, 0xfc, 0x98, 0x00, 0xd4, 0x01,
    0xac, 0x03, 0x40, 0x07, 0xff, 0x21, 0x0c, 0x02,
    0x33, 0x00, 0x66, 0x10, 0x09, 0x50, 0x03, 0xff,
    0x8f, 0x20, 0x1a, 0x40, 0x3d, 0x00, 0x1a, 0x84,
    0x03, 0xff, 0x8b, 0x44, 0x01, 0x1a, 0x80, 0x79,
    0x8c, 0x02, 0x1c, 0x10, 0x0f, 0xfe, 0x1c, 0x28,
    0x06, 0xe0, 0x0f, 0xda, 0x20, 0x11, 0x7a, 0x00,
    0x7f, 0xf0, 0x69, 0xc0, 0x34, 0x90, 0x07, 0xe1,
    0xa0, 0x0c, 0x37, 0x44, 0x01, 0xfc, 0xdc, 0xa0,
    0x19, 0x98, 0x01, 0xfe, 0x4b, 0x00, 0xe5, 0xdc,
    0x85, 0x43, 0x47, 0xaf, 0x91, 0x00, 0xcb, 0x20,
    0x1f, 0xfc, 0x04, 0xc1, 0x00, 0xe3, 0x7a, 0xbc,
    0xb8, 0x50, 0x0f, 0x3d, 0x00, 0x7f, 0xf0, 0x8f,
    0xd4, 0x03, 0xff, 0x88, 0x59, 0x00, 0x1f, 0xfc,
    0x41, 0xac, 0x50, 0x0f, 0xfe, 0x01, 0x4e, 0x98,
    0x07, 0xff, 0x1c, 0xeb, 0xa5, 0x8c, 0x40, 0x22,
    0x48, 0xcd, 0x60, 0x0f, 0xf8,

    /* U+0031 "1" */
    0x6f, 0xff, 0xfe, 0x16, 0x00, 0x7f, 0xf9, 0x1b,
    0xbb, 0xfc, 0x20, 0x1c, 0x23, 0xfe, 0x30, 0x0f,
    0xff, 0xf8, 0x07, 0xff, 0xfc, 0x03, 0xff, 0xfe,
    0x01, 0xff, 0xff, 0x00, 0xff, 0xff, 0x80, 0x7f,
    0xff, 0xc0, 0x3f, 0xff, 0xe0, 0x1f, 0xff, 0xf0,
    0x0f, 0xfe, 0x80,

    /* U+0032 "2" */
    0x00, 0xfe, 0x37, 0xac, 0xef, 0xfd, 0xd9, 0x2a,
    0x20, 0x1f, 0xfc, 0x42, 0x9e, 0xc8, 0x53, 0x10,
    0x0c, 0x26, 0xd5, 0xd6, 0x80, 0x1f, 0xfc, 0x03,
    0xbd, 0x61, 0x00, 0xff, 0xe1, 0x25, 0xd8, 0x80,
    0x3f, 0xa7, 0x10, 0x03, 0xff, 0x8e, 0x9a, 0x80,
    0x1e, 0x1c, 0x60, 0x0f, 0x13, 0x45, 0x5e, 0x5d,
    0x42, 0x88, 0x07, 0xac, 0xc0, 0x31, 0x79, 0x80,
    0x61, 0x7d, 0xd4, 0xba, 0xa1, 0xa2, 0xbd, 0x75,
    0x98, 0x07, 0x68, 0x80, 0x54, 0x20, 0x19, 0xfa,
    0x08, 0x03, 0xfe, 0x4c, 0x80, 0x0c, 0x30, 0x01,
    0x43, 0x80, 0x06, 0xe0, 0x03, 0xff, 0x88, 0xee,
    0x00, 0xcc, 0x20, 0x14, 0x48, 0xe2, 0x00, 0x7f,
    0xf1, 0xa0, 0x80, 0x33, 0x80, 0x66, 0xe2, 0x00,
    0xff, 0xe4, 0x58, 0x06, 0xc0, 0x0f, 0xfe, 0x7b,
    0x80, 0x66, 0x00, 0xff, 0xe7, 0x88, 0x80, 0x21,
    0x00, 0xff, 0xe8, 0x18, 0x07, 0xff, 0x50, 0xc0,
    0x21, 0x00, 0xff, 0xe8, 0x08, 0x04, 0xc0, 0x1f,
    0xfc, 0xf4, 0x00, 0xda, 0x01, 0xff, 0xcf, 0xd0,
    0x0c, 0x80, 0x1f, 0xfc, 0xe1, 0x60, 0x08, 0x8c,
    0x03, 0xff, 0x9d, 0x00, 0x1a, 0xc0, 0x3f, 0xf9,
    0xc8, 0xc0, 0x11, 0x30, 0x07, 0xff, 0x34, 0x68,
    0x03, 0x70, 0x07, 0xff, 0x3b, 0x04, 0x02, 0x73,
    0x00, 0xff, 0xe6, 0xe1, 0x00, 0x49, 0x00, 0x1f,
    0xfc, 0xdc, 0x30, 0x08, 0xa8, 0x03, 0xff, 0x9b,
    0x86, 0x01, 0x0e, 0x08, 0x07, 0xff, 0x2c, 0x70,
    0xc0, 0x21, 0xc1, 0x00, 0xff, 0xe5, 0x8e, 0x98,
    0x04, 0x38, 0x40, 0x1f, 0xfc, 0xb1, 0xc3, 0x00,
    0x8b, 0xc8, 0x03, 0xff, 0x96, 0x38, 0x40, 0x11,
    0x60, 0x80, 0x7f, 0xf2, 0xc7, 0x08, 0x02, 0x2c,
    0x10, 0x0f, 0xfe, 0x58, 0xe1, 0x00, 0x45, 0x82,
    0x01, 0xff, 0xcb, 0x2f, 0x20, 0x08, 0xf0, 0x40,
    0x3f, 0xf9, 0x65, 0x82, 0x01, 0x1e, 0x88, 0x07,
    0xff, 0x2c, 0xb0, 0x40, 0x23, 0xc1, 0x00, 0xff,
    0xe5, 0x96, 0x08, 0x04, 0x78, 0x01, 0xff, 0xcc,
    0x3c, 0x10, 0x09, 0x30, 0x03, 0xff, 0x98, 0x7a,
    0x20, 0x12, 0x58, 0x07, 0xff, 0x30, 0xf0, 0x40,
    0x24, 0xb0, 0x0f, 0xfe, 0x61, 0xe0, 0x06, 0x4b,
    0x00, 0xff, 0xe6, 0x26, 0x00, 0x65, 0xb0, 0x0f,
    0xfe, 0x62, 0x58, 0x06, 0x48, 0x11, 0xff, 0xe5,
    0x82, 0x58, 0x07, 0x26, 0xf7, 0x7f, 0xf2, 0xbc,
    0x30, 0x03, 0xff, 0xfe, 0x01, 0xff, 0xca,

    /* U+0033 "3" */
    0x00, 0x4f, 0xff, 0xff, 0x40, 0xc0, 0x3f, 0xff,
    0xe0, 0x1f, 0xfc, 0xa1, 0x20, 0x0a, 0x3b, 0xbf,
    0xf9, 0x38, 0x01, 0xd4, 0x20, 0x10, 0x8f, 0xff,
    0x2b, 0xc0, 0x34, 0x20, 0x07, 0xff, 0x36, 0x4c,
    0x02, 0x57, 0x00, 0xff, 0xe6, 0xb3, 0x00, 0x23,
    0xa0, 0x0f, 0xfe, 0x69, 0xc8, 0x04, 0x3a, 0x01,
    0xff, 0xcd, 0x1d, 0x00, 0xda, 0x20, 0x1f, 0xfc,
    0xdd, 0x10, 0x0a, 0x4c, 0x03, 0xff, 0x9b, 0x46,
    0x01, 0x33, 0x00, 0x3f, 0xf9, 0xae, 0xa0, 0x11,
    0xc8, 0x07, 0xff, 0x35, 0x20, 0x02, 0x1d, 0x00,
    0xff, 0xe6, 0x8d, 0x00, 0x6d, 0x10, 0x0f, 0xfe,
    0x6e, 0x08, 0x05, 0x26, 0x01, 0xff, 0xcd, 0xa2,
    0x00, 0x99, 0x80, 0x1f, 0xfc, 0xd7, 0x50, 0x08,
    0xe4, 0x03, 0xff, 0x9a, 0x90, 0x01, 0x0e, 0x80,
    0x7f, 0xf3, 0xa8, 0x03, 0x0f, 0xe5, 0x39, 0x80,
    0x7f, 0xf2, 0x44, 0x40, 0x1c, 0x26, 0xb1, 0x9d,
    0x02, 0x01, 0xff, 0xd2, 0x17, 0xe8, 0x00, 0xff,
    0xe3, 0x08, 0xe0, 0x0f, 0xf3, 0xe0, 0x80, 0x7f,
    0xf0, 0xc7, 0xbb, 0x7f, 0xba, 0xdc, 0xc0, 0x38,
    0xf4, 0x03, 0xff, 0x94, 0x29, 0x19, 0x83, 0x00,
    0xc7, 0x60, 0x1f, 0xfc, 0xd3, 0xc7, 0x00, 0xc8,
    0xa0, 0x1f, 0xfc, 0xe8, 0x70, 0x0d, 0x00, 0x1f,
    0xfc, 0xf8, 0x20, 0x08, 0x90, 0x03, 0xff, 0x9f,
    0x60, 0x1b, 0x00, 0x3f, 0xf9, 0xee, 0x01, 0x90,
    0x03, 0xff, 0x9e, 0x22, 0x00, 0x88, 0x03, 0xff,
    0xa0, 0x40, 0x10, 0x80, 0x7f, 0xf4, 0x04, 0x02,
    0x10, 0x0f, 0xfe, 0x81, 0x80, 0x46, 0x01, 0xff,
    0xcf, 0x21, 0x00, 0x98, 0x00, 0x20, 0x1f, 0xfc,
    0xca, 0x00, 0xd8, 0x00, 0xab, 0x10, 0x0f, 0xfe,
    0x49, 0x38, 0x06, 0x50, 0x54, 0x47, 0xa0, 0x07,
    0xff, 0x1c, 0x7c, 0x03, 0x21, 0x0d, 0x80, 0x06,
    0xec, 0x60, 0x1f, 0xfc, 0x42, 0xc2, 0x00, 0xd0,
    0x06, 0x01, 0xc9, 0x98, 0x61, 0x00, 0xff, 0x8a,
    0x74, 0x80, 0x33, 0x98, 0x16, 0x10, 0x07, 0x1c,
    0xf6, 0xcb, 0xaa, 0x1a, 0x2b, 0x4e, 0xe9, 0x80,
    0x39, 0x60, 0x02, 0x2d, 0x70, 0x0f, 0x89, 0xa2,
    0xaf, 0x2e, 0xa5, 0x88, 0x03, 0xcd, 0x40, 0x1e,
    0x8e, 0x60, 0x0f, 0xfe, 0x41, 0x5c, 0x80, 0x7e,
    0x19, 0xe9, 0x30, 0x0f, 0xfe, 0x19, 0xce, 0xa0,
    0x07, 0xfc, 0x2d, 0x9d, 0x6e, 0xa4, 0x20, 0x18,
    0x8d, 0xa7, 0x71, 0x80, 0x3e,

    /* U+0034 "4" */
    0x00, 0xff, 0xe5, 0x97, 0xfe, 0xe1, 0x00, 0xff,
    0xea, 0xf8, 0x06, 0xa1, 0x00, 0xff, 0xea, 0x59,
    0x00, 0x50, 0x80, 0x1f, 0xfd, 0x47, 0x40, 0x09,
    0x5c, 0x03, 0xff, 0xa8, 0x90, 0x01, 0x15, 0x00,
    0x7f, 0xf5, 0x0a, 0xc0, 0x21, 0xf0, 0x0f, 0xfe,
    0xaf, 0x80, 0x6a, 0x20, 0x0f, 0xfe, 0xa5, 0x10,
    0x05, 0x08, 0x01, 0xff, 0xd4, 0x75, 0x00, 0x91,
    0xc0, 0x3f, 0xfa, 0x89, 0x00, 0x11, 0x58, 0x07,
    0xff, 0x50, 0xac, 0x03, 0x78, 0x07, 0xff, 0x57,
    0xc0, 0x35, 0x10, 0x07, 0xff, 0x52, 0x88, 0x02,
    0x75, 0x00, 0xff, 0xea, 0x3a, 0x80, 0x49, 0x00,
    0x1f, 0xfd, 0x44, 0x80, 0x08, 0x68, 0x03, 0xff,
    0xa8, 0x54, 0x01, 0xb4, 0x40, 0x3f, 0xfa, 0x9e,
    0x20, 0x15, 0x18, 0x07, 0xff, 0x52, 0x88, 0x02,
    0x65, 0x00, 0xff, 0xea, 0x3a, 0x80, 0x47, 0x20,
    0x1f, 0xe6, 0x6c, 0x40, 0x1f, 0xfc, 0x54, 0x80,
    0x08, 0x74, 0x03, 0xfe, 0x99, 0xca, 0x01, 0xff,
    0xc4, 0x2a, 0x00, 0xda, 0x20, 0x1f, 0xfd, 0x4e,
    0x10, 0x0a, 0x4c, 0x03, 0xff, 0xa9, 0x46, 0x01,
    0x33, 0x00, 0x3f, 0xfa, 0x8e, 0xa0, 0x11, 0xc8,
    0x07, 0xff, 0x51, 0x20, 0x02, 0x1d, 0x00, 0xff,
    0xea, 0x0d, 0x00, 0x6a, 0x10, 0x0f, 0xfe, 0xa6,
    0x88, 0x05, 0x08, 0x01, 0xff, 0xd4, 0xa3, 0x00,
    0x95, 0xc0, 0x3f, 0xfa, 0x8c, 0xa0, 0x11, 0x50,
    0x07, 0xff, 0x50, 0xe4, 0x03, 0x17, 0xff, 0xff,
    0x1c, 0x03, 0x47, 0xff, 0xe6, 0x40, 0x0f, 0xff,
    0xf8, 0x07, 0xff, 0x81, 0xfb, 0xbf, 0xf9, 0x96,
    0x01, 0x9f, 0xbb, 0xf3, 0x00, 0x8f, 0xff, 0x31,
    0x80, 0x37, 0x88, 0xfe, 0x00, 0xff, 0xff, 0x80,
    0x7f, 0xff, 0xc0, 0x3f, 0xff, 0xe0, 0x1f, 0xff,
    0xf0, 0x0f, 0xff, 0xf8, 0x07, 0xff, 0x38,

    /* U+0035 "5" */
    0x00, 0xe3, 0xff, 0xff, 0xe6, 0x28, 0x07, 0xcc,
    0x01, 0xff, 0xd4, 0x30, 0x0f, 0xfe, 0xa7, 0x00,
    0x7f, 0xf5, 0x04, 0x02, 0x2e, 0xef, 0xfe, 0x42,
    0x80, 0x7c, 0x40, 0x13, 0x08, 0xff, 0xf2, 0x00,
    0x3f, 0x30, 0x04, 0x40, 0x1f, 0xfd, 0x03, 0x00,
    0xb8, 0x03, 0xff, 0xa0, 0x20, 0x11, 0x00, 0x7f,
    0xf3, 0xc8, 0x03, 0x08, 0x07, 0xff, 0x3c, 0x40,
    0x33, 0x00, 0x7f, 0xf3, 0xd8, 0x03, 0x10, 0x07,
    0xff, 0x3c, 0x80, 0x21, 0x00, 0xff, 0xe8, 0x78,
    0x04, 0x60, 0x1f, 0xfd, 0x02, 0x00, 0x98, 0x03,
    0xff, 0xa0, 0xc0, 0x11, 0x00, 0x7f, 0xf4, 0x04,
    0x02, 0x10, 0x0f, 0xfe, 0x81, 0x00, 0x5c, 0x01,
    0xff, 0xcf, 0x10, 0x0d, 0x3f, 0xff, 0xbb, 0x2a,
    0x14, 0x40, 0x3f, 0xf8, 0x26, 0x01, 0xff, 0xc1,
    0x13, 0x57, 0xae, 0xd8, 0x10, 0x0f, 0xf3, 0x00,
    0x7f, 0xf1, 0xc9, 0xfa, 0x44, 0x03, 0xf1, 0x00,
    0x7f, 0xf2, 0x9b, 0xd4, 0x03, 0xe6, 0xee, 0xff,
    0x6e, 0xb2, 0xa1, 0x88, 0x03, 0xc3, 0x4c, 0x01,
    0xf0, 0x8f, 0xf8, 0x88, 0x6a, 0xf3, 0xbd, 0x02,
    0x01, 0xd2, 0x80, 0x1f, 0xfc, 0xb1, 0x7e, 0x80,
    0x0e, 0xa1, 0x00, 0xff, 0xe6, 0xbe, 0x00, 0x61,
    0x90, 0x0f, 0xfe, 0x71, 0xd0, 0x06, 0x60, 0x0f,
    0xfe, 0x7a, 0x98, 0x04, 0x26, 0x01, 0xff, 0xcf,
    0xa0, 0x0c, 0x80, 0x1f, 0xfc, 0xf4, 0x00, 0xdc,
    0x01, 0xff, 0xcf, 0x20, 0x0c, 0x40, 0x1f, 0xff,
    0x51, 0x00, 0xff, 0xe7, 0x90, 0x06, 0x30, 0x0f,
    0xfe, 0x7a, 0x00, 0x6f, 0x00, 0x10, 0x07, 0xff,
    0x32, 0x80, 0x32, 0x00, 0x32, 0x80, 0x3f, 0xf9,
    0x4c, 0x60, 0x11, 0x90, 0x40, 0xae, 0x98, 0x07,
    0xff, 0x1c, 0xe4, 0x03, 0x48, 0x13, 0x80, 0x0b,
    0x24, 0x80, 0x3f, 0xf8, 0x8b, 0x80, 0x18, 0xd4,
    0x18, 0x03, 0x9b, 0x6d, 0x40, 0x3f, 0xf8, 0x09,
    0x74, 0x01, 0xdc, 0x00, 0x4c, 0x10, 0x0e, 0x4a,
    0xfc, 0x96, 0x54, 0x34, 0x57, 0xae, 0xb4, 0x00,
    0xeb, 0x20, 0x08, 0xfd, 0x40, 0x3e, 0x36, 0x9a,
    0xbc, 0xba, 0x85, 0x10, 0x0e, 0x1c, 0x40, 0x0e,
    0x1a, 0xc5, 0x00, 0xff, 0xe4, 0x2f, 0x98, 0x07,
    0xe3, 0xae, 0x82, 0x00, 0xff, 0xe1, 0xae, 0x50,
    0x80, 0x7f, 0xc2, 0xfb, 0xd4, 0xe8, 0x42, 0x01,
    0x09, 0x23, 0xd7, 0xd1, 0x80, 0x7c,

    /* U+0036 "6" */
    0x00, 0xff, 0xe1, 0x1b, 0xd6, 0x77, 0xfe, 0xec,
    0x97, 0x30, 0x0f, 0xfe, 0x28, 0xc7, 0x64, 0x29,
    0x88, 0x06, 0x13, 0x68, 0xce, 0x81, 0x00, 0xff,
    0xe0, 0x0c, 0xf3, 0x88, 0x07, 0xff, 0x08, 0x5f,
    0x8c, 0x03, 0xfc, 0xbc, 0xc0, 0x1f, 0xfc, 0x72,
    0x30, 0x0f, 0xe9, 0xa0, 0x0f, 0x1b, 0xde, 0xf7,
    0xfb, 0xb6, 0xe1, 0x00, 0x2b, 0x00, 0xfe, 0xa6,
    0x00, 0xe7, 0xdc, 0x84, 0x21, 0x00, 0x09, 0x23,
    0xdf, 0x41, 0xb0, 0x07, 0xe9, 0x50, 0x0c, 0x9d,
    0x04, 0x01, 0xff, 0xc0, 0x17, 0xc0, 0x0f, 0xcc,
    0xc0, 0x0d, 0x16, 0x20, 0x1f, 0xfc, 0xc1, 0x90,
    0x0d, 0x2e, 0x01, 0xff, 0xce, 0xb0, 0x0c, 0xec,
    0x01, 0xff, 0xce, 0x35, 0x00, 0x8e, 0x00, 0x3f,
    0xf9, 0xf2, 0x01, 0xbc, 0x03, 0xff, 0x9e, 0x2a,
    0x01, 0x21, 0x80, 0x7f, 0xf3, 0xdc, 0x03, 0x70,
    0x07, 0xff, 0x43, 0x00, 0x32, 0x80, 0x7f, 0xf4,
    0x10, 0x02, 0x40, 0x0f, 0xfe, 0x80, 0x88, 0x02,
    0x30, 0x0f, 0xfe, 0x82, 0x80, 0x6d, 0x00, 0xff,
    0xe8, 0x10, 0x06, 0x60, 0x0f, 0x8e, 0x2f, 0x7f,
    0xf6, 0xdb, 0x98, 0x07, 0xf7, 0x00, 0x62, 0x00,
    0xc3, 0x1d, 0x8e, 0x84, 0x01, 0x89, 0x23, 0x39,
    0xc0, 0x3e, 0x10, 0x0c, 0x20, 0x13, 0x7b, 0x88,
    0x07, 0xff, 0x00, 0x63, 0x94, 0x03, 0x8c, 0x03,
    0xea, 0x91, 0x00, 0xf0, 0x88, 0x03, 0xf0, 0xd4,
    0x80, 0x7f, 0xd6, 0xa0, 0x19, 0x6b, 0x7f, 0xb9,
    0xfe, 0xc8, 0x30, 0x0e, 0x6a, 0x00, 0xfe, 0x84,
    0x00, 0x9f, 0xa9, 0x48, 0x03, 0x8d, 0xf3, 0x04,
    0x01, 0x96, 0x00, 0x3e, 0x47, 0x00, 0x0e, 0x40,
    0x80, 0x7f, 0xc7, 0xac, 0x01, 0x9c, 0xc0, 0xc0,
    0x34, 0x80, 0x07, 0x0c, 0x03, 0xff, 0x87, 0x2c,
    0x01, 0xa0, 0x04, 0x03, 0x10, 0x03, 0x48, 0x03,
    0xff, 0x8b, 0x24, 0x01, 0x21, 0x70, 0x07, 0x94,
    0xc0, 0x3f, 0xf8, 0xf0, 0x01, 0x94, 0x80, 0x3d,
    0x00, 0x1f, 0xfc, 0x85, 0x00, 0xd8, 0xa0, 0x1c,
    0x24, 0x01, 0xff, 0xc9, 0x40, 0x09, 0x84, 0x40,
    0x19, 0x40, 0x3f, 0xf9, 0x44, 0x01, 0x10, 0x20,
    0x06, 0x10, 0x0f, 0xfe, 0x50, 0x80, 0x76, 0x00,
    0x61, 0x00, 0xff, 0xe5, 0x08, 0x04, 0x20, 0xe0,
    0x19, 0x40, 0x3f, 0xf9, 0x44, 0x01, 0x18, 0x0a,
    0x80, 0x42, 0x60, 0x1f, 0xfc, 0x94, 0x00, 0x9c,
    0x01, 0x20, 0x1a, 0x40, 0x3f, 0xf9, 0x0c, 0x01,
    0xb0, 0x00, 0x68, 0x01, 0x29, 0x80, 0x7f, 0xf1,
    0xe0, 0x03, 0x38, 0x05, 0x20, 0x1b, 0x48, 0x03,
    0xff, 0x8b, 0x42, 0x01, 0x30, 0x80, 0x45, 0x00,
    0x10, 0xe1, 0x80, 0x7f, 0xf0, 0xe9, 0x40, 0x21,
    0x80, 0x0e, 0x75, 0x00, 0x87, 0x24, 0x40, 0x3f,
    0xe4, 0xd5, 0x00, 0xd6, 0x20, 0x1e, 0xa4, 0x00,
    0xcd, 0xd4, 0xc4, 0x01, 0xc6, 0xfb, 0x64, 0x01,
    0xa1, 0x40, 0x3f, 0x5b, 0x80, 0x72, 0xce, 0xff,
    0xbb, 0xfd, 0x90, 0x40, 0x1d, 0x2e, 0x01, 0xfe,
    0x8b, 0x20, 0x0f, 0xc2, 0x01, 0xf8, 0xf1, 0x80,
    0x3f, 0xf8, 0x09, 0xb4, 0x60, 0x1f, 0xfc, 0x13,
    0xac, 0x30, 0x0f, 0xfe, 0x1a, 0xe6, 0xca, 0x98,
    0x80, 0x42, 0x4b, 0x3b, 0x8a, 0x01, 0xf0,

    /* U+0037 "7" */
    0xff, 0xff, 0xea, 0x80, 0x7f, 0xff, 0xc0, 0x3f,
    0xf9, 0x64, 0x01, 0x97, 0xbb, 0xff, 0x94, 0xa0,
    0x1a, 0xc0, 0x31, 0x88, 0xff, 0xf2, 0x41, 0x40,
    0x21, 0x60, 0x0f, 0xfe, 0x73, 0x00, 0x69, 0x00,
    0xff, 0xe7, 0xc8, 0x06, 0x60, 0x0f, 0xfe, 0x72,
    0x88, 0x04, 0xc2, 0x01, 0xff, 0xce, 0x80, 0x0d,
    0x60, 0x1f, 0xfc, 0xe4, 0x20, 0x09, 0x08, 0x03,
    0xff, 0x9d, 0xe0, 0x1a, 0x00, 0x27, 0x7d, 0x80,
    0x1f, 0xfc, 0x62, 0x40, 0x08, 0xcc, 0x01, 0x44,
    0x65, 0x00, 0xff, 0xe3, 0x58, 0x06, 0x90, 0x0f,
    0xfe, 0x70, 0xb0, 0x04, 0x2a, 0x01, 0xff, 0xce,
    0x90, 0x0d, 0x20, 0x1f, 0xfc, 0xf6, 0x00, 0xce,
    0x01, 0xff, 0xce, 0x61, 0x00, 0x9c, 0x03, 0xff,
    0x9f, 0x60, 0x1a, 0x40, 0x3f, 0xf9, 0xca, 0x40,
    0x12, 0x88, 0x07, 0xff, 0x3a, 0x40, 0x34, 0x80,
    0x7f, 0xf3, 0x8c, 0xc0, 0x11, 0x98, 0x03, 0xff,
    0x9d, 0x20, 0x1a, 0x00, 0x3f, 0xf9, 0xc4, 0xa0,
    0x11, 0x20, 0x07, 0xff, 0x3a, 0xc0, 0x35, 0x80,
    0x7f, 0xf3, 0x85, 0x80, 0x21, 0x60, 0x0f, 0xfe,
    0x73, 0x00, 0x66, 0x00, 0xff, 0xe7, 0xc8, 0x06,
    0x90, 0x0f, 0xfe, 0x72, 0x88, 0x04, 0xc2, 0x01,
    0xff, 0xce, 0x80, 0x0d, 0x60, 0x1f, 0xfc, 0xe4,
    0x20, 0x09, 0x08, 0x03, 0xff, 0x9d, 0xe0, 0x1b,
    0xc0, 0x3f, 0xf9, 0xc4, 0x80, 0x11, 0xa0, 0x07,
    0xff, 0x3a, 0xc0, 0x34, 0x80, 0x7f, 0xf3, 0x85,
    0x80, 0x21, 0x50, 0x0f, 0xfe, 0x74, 0x80, 0x69,
    0x00, 0xff, 0xe7, 0xb0, 0x06, 0x70, 0x0f, 0xfe,
    0x73, 0x08, 0x04, 0xe0, 0x1f, 0xfc, 0xfb, 0x00,
    0xd4, 0x01, 0xff, 0xce, 0x52, 0x00, 0x94, 0x80,
    0x3f, 0xf9, 0xd2, 0x01, 0xa4, 0x03, 0xff, 0x9c,
    0x66, 0x00, 0x8c, 0xc0, 0x1f, 0xfc, 0xe9, 0x00,
    0xd0, 0x01, 0xff, 0xce, 0x25, 0x00, 0x89, 0x00,
    0x3f, 0xf9, 0xd6, 0x01, 0xac, 0x03, 0xff, 0x8c,

    /* U+0038 "8" */
    0x00, 0xff, 0x0a, 0xcd, 0xef, 0xfe, 0xed, 0xb8,
    0x40, 0x0f, 0xfe, 0x3b, 0x67, 0x53, 0x21, 0x00,
    0x61, 0x24, 0x7b, 0xfb, 0x40, 0x0f, 0xfe, 0x12,
    0xf4, 0x98, 0x07, 0xff, 0x0d, 0x2f, 0x0c, 0x03,
    0xfe, 0x9a, 0x10, 0x0f, 0xc2, 0x20, 0x0f, 0xe3,
    0xc6, 0x00, 0xfe, 0xa6, 0x00, 0xe2, 0x7b, 0xef,
    0xee, 0x7f, 0xb6, 0x98, 0x40, 0x3a, 0x5c, 0x03,
    0xe8, 0x50, 0x0c, 0x57, 0xb0, 0x82, 0x01, 0xc4,
    0xb3, 0xd2, 0x20, 0x1a, 0x14, 0x03, 0x89, 0xc0,
    0x33, 0x6a, 0x00, 0x7f, 0xf0, 0x5b, 0xcc, 0x03,
    0x58, 0x07, 0x58, 0x06, 0x59, 0x00, 0xff, 0xe2,
    0x0e, 0x10, 0x04, 0x2c, 0x01, 0x9c, 0x03, 0x58,
    0x07, 0xff, 0x1e, 0x40, 0x35, 0x00, 0x44, 0x20,
    0x13, 0x08, 0x07, 0xff, 0x1d, 0x08, 0x02, 0x30,
    0x09, 0x80, 0x37, 0x80, 0x7f, 0xf2, 0x50, 0x03,
    0x08, 0x00, 0x40, 0x31, 0x00, 0x7f, 0xf2, 0x44,
    0x03, 0x18, 0x00, 0x40, 0x30, 0x80, 0x7f, 0xf2,
    0x44, 0x03, 0x18, 0x01, 0x80, 0x36, 0x80, 0x7f,
    0xf2, 0x54, 0x03, 0x08, 0x00, 0x84, 0x02, 0x50,
    0x0f, 0xfe, 0x41, 0x18, 0x04, 0x80, 0x19, 0x80,
    0x22, 0x70, 0x0f, 0xfe, 0x3c, 0x80, 0x6e, 0x00,
    0xd2, 0x01, 0xa1, 0x40, 0x3f, 0xf8, 0xb0, 0x80,
    0x11, 0x28, 0x06, 0x1a, 0x00, 0xd5, 0x00, 0x1f,
    0xfc, 0x22, 0xb7, 0x00, 0xdc, 0x01, 0xe5, 0x90,
    0x0c, 0xfd, 0x06, 0x01, 0xf8, 0x56, 0xb5, 0x00,
    0x35, 0x98, 0x07, 0xcd, 0x62, 0x01, 0x0b, 0xe7,
    0xed, 0xd5, 0x2f, 0x3b, 0x94, 0xa0, 0x18, 0xb1,
    0x00, 0x3f, 0x93, 0x9c, 0x40, 0x38, 0x91, 0x54,
    0x86, 0x20, 0x1c, 0x53, 0xa6, 0x01, 0xff, 0x08,
    0x07, 0xff, 0x56, 0x39, 0xc4, 0x03, 0xff, 0x8a,
    0x53, 0xca, 0x01, 0xf8, 0xb5, 0xc0, 0x38, 0xde,
    0xf7, 0xbf, 0xee, 0xca, 0x62, 0x00, 0xc3, 0x54,
    0x00, 0xf1, 0x61, 0x00, 0x66, 0xdc, 0x84, 0x21,
    0x00, 0x84, 0xd6, 0x77, 0x10, 0x03, 0x2e, 0x00,
    0x77, 0x88, 0x04, 0x5b, 0x24, 0x01, 0xff, 0xc1,
    0x3b, 0xa1, 0x00, 0x8e, 0x80, 0x28, 0x20, 0x08,
    0xf4, 0x80, 0x3f, 0xf8, 0xab, 0x82, 0x01, 0x2a,
    0x80, 0x5c, 0x03, 0x68, 0x07, 0xff, 0x20, 0xa8,
    0x03, 0x40, 0x38, 0x06, 0x81, 0x00, 0xff, 0xe4,
    0xa2, 0x00, 0x22, 0x3c, 0x00, 0xcc, 0x01, 0xff,
    0xcb, 0xe0, 0x0d, 0x6e, 0x01, 0x08, 0x80, 0x3f,
    0xf9, 0x68, 0x01, 0x88, 0xc0, 0x22, 0x00, 0xff,
    0xe6, 0x08, 0x06, 0x10, 0x0f, 0xfe, 0xb3, 0x98,
    0x04, 0x40, 0x1f, 0xfc, 0xc1, 0x00, 0xcc, 0xc0,
    0x08, 0x44, 0x01, 0xff, 0xcb, 0x40, 0x0c, 0x58,
    0x01, 0x98, 0x03, 0xff, 0x97, 0xc0, 0x1b, 0x14,
    0x03, 0x48, 0x80, 0x7f, 0xf2, 0x51, 0x00, 0x19,
    0x09, 0x00, 0x21, 0xd0, 0x0f, 0xfe, 0x41, 0x50,
    0x06, 0x70, 0x04, 0x80, 0x63, 0xc2, 0x00, 0xff,
    0xe2, 0xa6, 0x08, 0x04, 0x32, 0x00, 0x28, 0x00,
    0xc7, 0xb0, 0x20, 0x1f, 0xfc, 0x12, 0xab, 0x10,
    0x0d, 0x42, 0x01, 0x3b, 0x80, 0x39, 0xfa, 0xdc,
    0xc4, 0x03, 0x89, 0x23, 0x35, 0x40, 0x3a, 0x90,
    0x03, 0xa2, 0x40, 0x3c, 0x91, 0x9d, 0xfe, 0xef,
    0xf6, 0xdb, 0x98, 0x07, 0x0d, 0xa8, 0x07, 0xcd,
    0xa8, 0x01, 0xfe, 0x10, 0x0f, 0xf3, 0x7a, 0x00,
    0x7f, 0x15, 0xe3, 0x08, 0x07, 0xff, 0x0c, 0x9f,
    0xa4, 0x40, 0x3f, 0xf8, 0x07, 0x3d, 0x90, 0xa6,
    0x20, 0x18, 0x49, 0x1a, 0x77, 0x50, 0x20, 0x1f,
    0x00,

    /* U+0039 "9" */
    0x00, 0xff, 0x13, 0x56, 0xf7, 0xfd, 0xd9, 0x2c,
    0x40, 0x1f, 0xfc, 0x85, 0xcd, 0x95, 0x21, 0x00,
    0x84, 0xda, 0x77, 0x14, 0x03, 0xff, 0x88, 0x7b,
    0x46, 0x01, 0xff, 0xc1, 0x3a, 0xd4, 0x00, 0xff,
    0xe0, 0xbe, 0x10, 0x07, 0xe1, 0x10, 0x07, 0xc5,
    0x70, 0x01, 0xff, 0x44, 0x00, 0x38, 0xe3, 0x3f,
    0xdd, 0xcf, 0xda, 0x50, 0x0e, 0x7a, 0x00, 0xfe,
    0x67, 0x00, 0xc7, 0x98, 0x73, 0x00, 0xe2, 0x5a,
    0xe7, 0x00, 0xcb, 0x40, 0x1f, 0x14, 0x80, 0x66,
    0xc3, 0x00, 0xff, 0x86, 0x30, 0x40, 0x25, 0x70,
    0x0f, 0x40, 0x06, 0x69, 0x00, 0xff, 0xe1, 0x9e,
    0x08, 0x05, 0x04, 0x01, 0x85, 0x40, 0x22, 0x90,
    0x0f, 0xfe, 0x29, 0x68, 0x06, 0x90, 0x0c, 0xc0,
    0x1a, 0x00, 0x3f, 0xf8, 0xe6, 0xa0, 0x12, 0x18,
    0x05, 0x80, 0x10, 0xa8, 0x07, 0xff, 0x22, 0x40,
    0x34, 0x80, 0x4c, 0x01, 0x28, 0x07, 0xff, 0x24,
    0xc4, 0x02, 0x51, 0x00, 0x10, 0x04, 0x40, 0x1f,
    0xfc, 0xa5, 0x00, 0xc8, 0x01, 0xe1, 0x00, 0xff,
    0xe7, 0xf8, 0x07, 0x84, 0x03, 0xff, 0x94, 0xe0,
    0x19, 0x00, 0x02, 0x01, 0x10, 0x07, 0xff, 0x28,
    0x80, 0x30, 0x88, 0x14, 0x02, 0x40, 0x0f, 0xfe,
    0x49, 0x88, 0x07, 0x10, 0x18, 0x06, 0x50, 0x0f,
    0xfe, 0x44, 0x00, 0x79, 0x42, 0x80, 0x34, 0x00,
    0x7f, 0xf1, 0xd1, 0x00, 0x1e, 0x10, 0x24, 0x00,
    0x8a, 0x80, 0x3f, 0xf8, 0xa5, 0x40, 0x01, 0x00,
    0xde, 0x00, 0x80, 0x0c, 0xb4, 0x01, 0xff, 0xc3,
    0x4c, 0x10, 0x05, 0x80, 0x61, 0x00, 0x1c, 0x00,
    0x65, 0xd5, 0x00, 0xff, 0x86, 0x6c, 0x40, 0x0e,
    0x80, 0x18, 0xc0, 0x27, 0x60, 0x0c, 0x55, 0xd0,
    0x84, 0x01, 0x09, 0xb5, 0xf3, 0x00, 0x4b, 0x02,
    0x01, 0xfd, 0x2e, 0x01, 0xc2, 0xf7, 0xbf, 0xf7,
    0x64, 0xa0, 0x06, 0x6a, 0x00, 0xf1, 0x80, 0x74,
    0x59, 0x00, 0x7f, 0xf1, 0x06, 0xe4, 0x00, 0x20,
    0x18, 0x40, 0x3c, 0x9b, 0x26, 0x01, 0xff, 0xc0,
    0x29, 0xe4, 0x00, 0x8c, 0x03, 0x78, 0x07, 0xe6,
    0xcd, 0x96, 0x32, 0x11, 0x11, 0xac, 0xee, 0x98,
    0x03, 0x84, 0x03, 0x08, 0x07, 0xf8, 0x9a, 0x73,
    0x7b, 0x9b, 0x94, 0xc4, 0x01, 0xf3, 0x00, 0x62,
    0x00, 0xff, 0xe8, 0xe8, 0x06, 0x50, 0x0f, 0xfe,
    0x8a, 0x00, 0x42, 0x20, 0x0f, 0xfe, 0x89, 0x80,
    0x48, 0x01, 0xff, 0xd1, 0x50, 0x0d, 0xe0, 0x1f,
    0xfd, 0x19, 0x00, 0xca, 0x01, 0xff, 0xd0, 0x43,
    0x00, 0x98, 0x03, 0xff, 0xa3, 0x20, 0x1a, 0xc0,
    0x3f, 0xfa, 0x10, 0x40, 0x13, 0x10, 0x07, 0xff,
    0x3d, 0x9c, 0x02, 0x18, 0x00, 0xff, 0xe7, 0xc4,
    0x80, 0x6b, 0x10, 0x0f, 0xfe, 0x69, 0x5b, 0x80,
    0x67, 0x50, 0x0f, 0xed, 0x81, 0x00, 0xff, 0xe0,
    0x14, 0xea, 0x00, 0x65, 0x80, 0x0f, 0xe6, 0x27,
    0xec, 0x85, 0x31, 0x10, 0x09, 0xac, 0x66, 0xb0,
    0x07, 0x3d, 0x00, 0x7f, 0xa0, 0x02, 0x37, 0xac,
    0xee, 0x7f, 0x65, 0x39, 0x80, 0x70, 0xd4, 0x00,
    0x7f, 0x8c, 0x40, 0x3f, 0xf8, 0xed, 0xea, 0x01,
    0xff, 0x1f, 0x38, 0x80, 0x7f, 0xf0, 0x85, 0xfa,
    0x44, 0x03, 0xff, 0x82, 0x31, 0xd9, 0x2c, 0x62,
    0x01, 0x84, 0xd6, 0x77, 0xa0, 0x40, 0x3f, 0xe0,

    /* U+003A ":" */
    0x02, 0xbf, 0xe8, 0x00, 0x0e, 0x20, 0x0b, 0xc8,
    0x30, 0x80, 0x66, 0x0e, 0x00, 0xf1, 0x70, 0x07,
    0x89, 0x84, 0x03, 0x38, 0x0e, 0x20, 0x0b, 0xc0,
    0x00, 0xaf, 0xfa, 0x00, 0x3f, 0xff, 0xe0, 0x1f,
    0xff, 0xf0, 0x0e, 0x2b, 0xfe, 0x80, 0x00, 0xe2,
    0x00, 0xbc, 0x83, 0x08, 0x06, 0x60, 0xe0, 0x0f,
    0x17, 0x00, 0x78, 0x98, 0x40, 0x33, 0x80, 0xe2,
    0x00, 0xbc, 0x00,

    /* U+003B ";" */
    0x02, 0xbf, 0xe8, 0x00, 0x0e, 0x20, 0x0b, 0xc8,
    0x30, 0x80, 0x66, 0x0e, 0x00, 0xf1, 0x70, 0x07,
    0x89, 0x84, 0x03, 0x38, 0x0e, 0x20, 0x0b, 0xc0,
    0x00, 0xaf, 0xfa, 0x00, 0x3f, 0xff, 0xe0, 0x1f,
    0xff, 0xf0, 0x0e, 0x1a, 0xed, 0x70, 0x0b, 0x14,
    0x4a, 0x20, 0x0c, 0x40, 0x19, 0xc3, 0x80, 0x3c,
    0x5c, 0x01, 0xe3, 0x71, 0x00, 0xc2, 0x36, 0x18,
    0x04, 0xe0, 0x02, 0xa0, 0x0b, 0x40, 0x2f, 0x00,
    0x0a, 0x00, 0x48, 0x00, 0x40, 0x08, 0x48, 0x01,
    0xe0, 0x12, 0x00, 0x4a, 0x01, 0x60, 0x01, 0x00,
    0x32, 0x00, 0x34, 0x02, 0x12, 0x00, 0x38, 0x04,
    0xa0, 0x03, 0x10, 0x08,

    /* U+003C "<" */
    0x00, 0xff, 0xe7, 0xb1, 0x80, 0x7f, 0xf3, 0x0e,
    0x7e, 0x58, 0x03, 0xff, 0x94, 0xd9, 0x86, 0x00,
    0xff, 0xe5, 0x1c, 0xfc, 0x98, 0x07, 0xff, 0x29,
    0xb3, 0x0c, 0x01, 0xc2, 0xc8, 0x01, 0xff, 0xc2,
    0x39, 0xf9, 0x30, 0x0e, 0x3a, 0xe9, 0x10, 0x0f,
    0xfe, 0x03, 0x66, 0x18, 0x03, 0x85, 0xf7, 0x14,
    0x03, 0xff, 0x80, 0x53, 0xf2, 0x60, 0x1c, 0x95,
    0xd0, 0x40, 0x1f, 0xfc, 0x06, 0xcd, 0x60, 0x0e,
    0x17, 0xdb, 0x50, 0x0f, 0xfe, 0x01, 0x4f, 0xc9,
    0x80, 0x72, 0x5f, 0x41, 0x00, 0x7f, 0xf0, 0x1b,
    0x35, 0x80, 0x38, 0x63, 0xad, 0x00, 0x3f, 0xf8,
    0x2b, 0xd2, 0x60, 0x1c, 0xb7, 0xce, 0x20, 0x1f,
    0xfc, 0x3d, 0x10, 0x0c, 0x51, 0xd4, 0x80, 0x1f,
    0xfc, 0xb9, 0xd7, 0x10, 0x0f, 0xfe, 0x6c, 0xe2,
    0x80, 0x7f, 0xf2, 0x78, 0x03, 0x8e, 0xbe, 0x48,
    0x03, 0xff, 0x8c, 0xdd, 0x04, 0x01, 0xcd, 0xb8,
    0xc0, 0x1f, 0xfc, 0x51, 0x7d, 0xb5, 0x00, 0xe3,
    0x9f, 0x93, 0x00, 0xff, 0xe2, 0xa5, 0x74, 0x08,
    0x07, 0x36, 0x6b, 0x08, 0x07, 0xff, 0x10, 0x5f,
    0xad, 0x00, 0x38, 0xa7, 0xa8, 0xc0, 0x3f, 0xf8,
    0xa9, 0x7d, 0x02, 0x01, 0xcb, 0x9a, 0xe2, 0x01,
    0xff, 0xc4, 0x17, 0xeb, 0x40, 0x0e, 0x28, 0xea,
    0x40, 0x0f, 0xfe, 0x2a, 0x5f, 0x40, 0x80, 0x72,
    0xde, 0xb8, 0x80, 0x7f, 0xf1, 0x05, 0xfa, 0xd0,
    0x03, 0x8a, 0x10, 0x03, 0xff, 0x8e, 0x97, 0xce,
    0x20, 0x1f, 0xfc, 0xe1, 0x8e, 0xb4, 0x00, 0xff,
    0xe7, 0xa5, 0xf3, 0xb0,

    /* U+003D "=" */
    0x6c, 0xcf, 0xfe, 0x79, 0xf1, 0x9f, 0xff, 0x3d,
    0x80, 0x3f, 0xfd, 0xd1, 0xff, 0xff, 0xcf, 0x50,
    0x0f, 0xff, 0xf8, 0x07, 0xff, 0xfc, 0x03, 0xff,
    0xfe, 0x01, 0xff, 0xf5, 0x6c, 0xcf, 0xfe, 0x79,
    0xf1, 0x9f, 0xff, 0x3d, 0x80, 0x3f, 0xfd, 0xc0,

    /* U+003E ">" */
    0x55, 0x00, 0x7f, 0xf3, 0xf6, 0xba, 0x08, 0x03,
    0xff, 0x9c, 0x2f, 0xb6, 0xa0, 0x1f, 0xfc, 0xf4,
    0xae, 0x82, 0x00, 0xff, 0xe3, 0xd2, 0x80, 0x70,
    0xbe, 0xda, 0x80, 0x7f, 0xf1, 0x4a, 0xba, 0x08,
    0x03, 0x92, 0xba, 0x04, 0x03, 0xff, 0x88, 0x2f,
    0xb8, 0xa0, 0x1c, 0x2f, 0xd6, 0x80, 0x1f, 0xfc,
    0x53, 0xaf, 0x93, 0x00, 0xe4, 0xbe, 0x81, 0x00,
    0xff, 0xe2, 0xb6, 0x61, 0x80, 0x38, 0x5f, 0xad,
    0x00, 0x3f, 0xf8, 0xa7, 0x3f, 0x26, 0x01, 0xc9,
    0x7c, 0xe2, 0x01, 0xff, 0xc5, 0x6c, 0xd6, 0x10,
    0x0c, 0x31, 0xd6, 0x80, 0x1f, 0xfc, 0x52, 0x9e,
    0xa3, 0x00, 0xe4, 0xbe, 0x30, 0x0f, 0xfe, 0x32,
    0xe6, 0xb8, 0x80, 0x61, 0x60, 0x0f, 0xfe, 0x41,
    0x47, 0x30, 0x07, 0xff, 0x34, 0x5f, 0x58, 0x03,
    0xff, 0x96, 0x95, 0xd0, 0x40, 0x1c, 0xc0, 0x1f,
    0xfc, 0x31, 0x7d, 0xb5, 0x00, 0xe3, 0x9f, 0x30,
    0x0f, 0xfe, 0x0a, 0x5f, 0x41, 0x00, 0x73, 0x66,
    0x18, 0x03, 0xff, 0x80, 0x31, 0xd6, 0x80, 0x1c,
    0x73, 0xf2, 0x60, 0x1f, 0xfc, 0x05, 0xbe, 0x71,
    0x00, 0xe6, 0xcc, 0x30, 0x07, 0xff, 0x00, 0xa3,
    0xa9, 0x00, 0x38, 0xe7, 0xe4, 0xc0, 0x3f, 0xf8,
    0x0b, 0x7a, 0xe2, 0x01, 0xcd, 0x98, 0x60, 0x0f,
    0xfe, 0x01, 0x47, 0x52, 0x00, 0x71, 0x4f, 0xc9,
    0x80, 0x7f, 0xf0, 0xa9, 0xc4, 0x03, 0x9b, 0x35,
    0x80, 0x3f, 0xf9, 0x45, 0x3f, 0x26, 0x01, 0xff,
    0xca, 0x6c, 0xd6, 0x00, 0xff, 0xe5, 0x74, 0xf4,
    0x98, 0x07, 0xff, 0x30,

    /* U+003F "?" */
    0x00, 0xff, 0x24, 0x5e, 0xf7, 0xfe, 0xdb, 0x95,
    0x10, 0x0f, 0xfe, 0x1a, 0xdf, 0xdb, 0xa1, 0x08,
    0x06, 0x24, 0x6a, 0xeb, 0x30, 0x0f, 0xf9, 0x76,
    0x90, 0x03, 0xff, 0x86, 0x99, 0x62, 0x01, 0xf0,
    0xdd, 0x10, 0x07, 0xff, 0x1d, 0x3c, 0xc0, 0x38,
    0xfd, 0x00, 0x38, 0x5a, 0x73, 0xbf, 0xdd, 0xb7,
    0x06, 0x01, 0xc3, 0x86, 0x01, 0x1e, 0x08, 0x06,
    0x4b, 0xe9, 0x63, 0x10, 0x00, 0x92, 0x3e, 0x60,
    0xc0, 0x3b, 0x40, 0x2d, 0x00, 0xc3, 0x76, 0x40,
    0x0f, 0xfe, 0x01, 0xe3, 0x00, 0x61, 0x70, 0x06,
    0x10, 0x00, 0xfd, 0x00, 0x3f, 0xf8, 0x92, 0xa0,
    0x1a, 0x40, 0x05, 0xac, 0x78, 0x20, 0x1f, 0xfc,
    0x6b, 0x00, 0xc2, 0x60, 0x14, 0xe0, 0x07, 0xff,
    0x20, 0x58, 0x03, 0x28, 0x07, 0xff, 0x3b, 0x00,
    0x30, 0x80, 0x7f, 0xf3, 0x84, 0x03, 0xff, 0xb0,
    0x20, 0x1f, 0xfc, 0xe3, 0x00, 0xc4, 0x01, 0xff,
    0xce, 0xc0, 0x0c, 0x80, 0x1f, 0xfc, 0xd2, 0x40,
    0x09, 0x40, 0x3f, 0xf9, 0xdc, 0x01, 0xa4, 0x03,
    0xff, 0x9b, 0x26, 0x01, 0x31, 0x80, 0x7f, 0xf3,
    0x25, 0x80, 0x22, 0x90, 0x0f, 0xfe, 0x65, 0x30,
    0x04, 0x3e, 0x01, 0xff, 0xcb, 0x1c, 0x50, 0x08,
    0x70, 0x80, 0x3f, 0xf9, 0x43, 0x86, 0x01, 0x16,
    0x10, 0x07, 0xff, 0x28, 0xbc, 0x80, 0x23, 0xc2,
    0x00, 0xff, 0xe5, 0x0f, 0x88, 0x04, 0x98, 0x20,
    0x1f, 0xfc, 0xbd, 0x20, 0x09, 0x2c, 0x03, 0xff,
    0x98, 0xc6, 0x01, 0x1d, 0x80, 0x7f, 0xf3, 0x60,
    0x03, 0x70, 0x07, 0xff, 0x35, 0x44, 0x02, 0x62,
    0x00, 0xff, 0xe6, 0xf8, 0x06, 0xa0, 0x0f, 0xfe,
    0x73, 0x80, 0x63, 0x00, 0xff, 0xe7, 0x18, 0x04,
    0x40, 0x1f, 0xfc, 0xfa, 0xad, 0x20, 0x1f, 0xfc,
    0xf4, 0x55, 0x90, 0x03, 0xff, 0xfe, 0x01, 0xff,
    0xff, 0x00, 0xff, 0xec, 0x8b, 0xcb, 0x80, 0x7f,
    0xf3, 0xcb, 0xe1, 0xa3, 0x44, 0x03, 0xff, 0x9b,
    0x22, 0x01, 0x14, 0x00, 0x7f, 0xf3, 0x54, 0x03,
    0x94, 0x03, 0xff, 0x9a, 0x40, 0x1c, 0xc0, 0x1f,
    0xfc, 0xd9, 0x00, 0xe9, 0x00, 0xff, 0xe6, 0xad,
    0x10, 0x15, 0x98, 0x07, 0xfc,

    /* U+0040 "@" */
    0x00, 0xff, 0xe5, 0x1b, 0x4d, 0xef, 0x7f, 0xee,
    0xdc, 0xa7, 0x41, 0x00, 0xff, 0xed, 0x8b, 0x5f,
    0xe4, 0xb2, 0x10, 0x80, 0x61, 0x23, 0x58, 0xbe,
    0xd8, 0x30, 0x0f, 0xfe, 0xb2, 0x57, 0x4a, 0x00,
    0x7f, 0xf1, 0x89, 0xf3, 0x58, 0x03, 0xff, 0xa4,
    0x99, 0x6a, 0x01, 0xe4, 0x68, 0xaa, 0x5d, 0xd5,
    0x2e, 0xa4, 0x01, 0xc5, 0x3c, 0xe0, 0x1f, 0xfc,
    0xe2, 0xbb, 0x18, 0x06, 0x38, 0xdf, 0xb9, 0x75,
    0x52, 0x24, 0xad, 0x15, 0xbf, 0x6c, 0x20, 0x10,
    0xc7, 0x28, 0x07, 0xff, 0x2d, 0xb5, 0x00, 0x21,
    0x7e, 0xc7, 0x20, 0x0f, 0xfe, 0x1a, 0x4f, 0x5a,
    0x80, 0x43, 0x54, 0x10, 0x0f, 0xfe, 0x45, 0x48,
    0x04, 0x31, 0xd0, 0x20, 0x1f, 0xfc, 0x94, 0xad,
    0x50, 0x09, 0x7c, 0xc0, 0x3f, 0xf8, 0xa3, 0x8a,
    0x01, 0x37, 0xb8, 0x07, 0xff, 0x38, 0xab, 0x08,
    0x00, 0x38, 0x80, 0x1f, 0xfc, 0x31, 0xc3, 0x00,
    0xaa, 0x44, 0x03, 0xff, 0xa2, 0x7a, 0xa0, 0x15,
    0xa0, 0x07, 0xff, 0x04, 0x70, 0x80, 0x05, 0xaa,
    0x01, 0xff, 0xd5, 0xa8, 0x00, 0xad, 0x00, 0x3f,
    0xf8, 0x14, 0x40, 0x02, 0xc2, 0x00, 0xff, 0xeb,
    0xbd, 0x00, 0x54, 0x40, 0x1f, 0xe7, 0x40, 0x00,
    0xe0, 0x80, 0x7f, 0xf0, 0x05, 0x62, 0xae, 0xd5,
    0x2c, 0x40, 0x1f, 0x0b, 0xbe, 0x00, 0x96, 0x40,
    0x03, 0xc0, 0x1f, 0xc7, 0x00, 0x16, 0x08, 0x07,
    0xfc, 0xb7, 0xd4, 0xea, 0x88, 0x56, 0x9d, 0xd3,
    0x80, 0x71, 0xc4, 0x60, 0x0c, 0xcc, 0x00, 0x1b,
    0x80, 0x7e, 0xf0, 0x0a, 0x48, 0x03, 0xfc, 0x79,
    0x48, 0x01, 0xfe, 0x28, 0xe6, 0x00, 0xff, 0xe0,
    0xc9, 0x80, 0x20, 0x80, 0x3c, 0xa6, 0x00, 0x46,
    0x00, 0xff, 0x3e, 0x18, 0x07, 0xff, 0x08, 0x66,
    0x80, 0x3f, 0xf8, 0x3c, 0x01, 0x40, 0x07, 0xa0,
    0x02, 0x90, 0x0f, 0xf4, 0xc0, 0x07, 0x2c, 0xef,
    0x7f, 0xba, 0xdc, 0x40, 0x25, 0xc0, 0x0f, 0xfe,
    0x01, 0x38, 0x01, 0x48, 0x03, 0x29, 0x00, 0x18,
    0x80, 0x3f, 0xa5, 0x80, 0x33, 0x75, 0x31, 0x08,
    0x00, 0x52, 0x3a, 0x84, 0x00, 0x76, 0x01, 0xff,
    0xc0, 0x90, 0x0a, 0xc0, 0x37, 0x00, 0x50, 0x01,
    0xfc, 0xcc, 0x00, 0x87, 0x24, 0x40, 0x3f, 0xcb,
    0xca, 0x00, 0x4b, 0x00, 0xff, 0x85, 0xc0, 0x0c,
    0x01, 0x0a, 0x00, 0x14, 0x40, 0x3f, 0x0c, 0x80,
    0x43, 0x86, 0x01, 0xff, 0xc2, 0xa6, 0x00, 0x30,
    0x07, 0xff, 0x02, 0x80, 0x25, 0x00, 0x38, 0x05,
    0xc0, 0x1f, 0xd6, 0x01, 0xb4, 0x80, 0x3f, 0xf8,
    0x92, 0x80, 0x1f, 0xfc, 0x22, 0x30, 0x07, 0x80,
    0x34, 0x02, 0x40, 0x0f, 0xc4, 0xa0, 0x13, 0x98,
    0x07, 0xff, 0x1a, 0x80, 0x3f, 0xf8, 0x76, 0x00,
    0x40, 0x02, 0x00, 0x14, 0x03, 0xfa, 0xc0, 0x21,
    0x80, 0x0f, 0xfe, 0x38, 0xc0, 0x07, 0xff, 0x09,
    0x00, 0x02, 0x44, 0x00, 0xb4, 0x03, 0xf9, 0xc0,
    0x26, 0x00, 0xff, 0xe4, 0xb0, 0x07, 0xff, 0x08,
    0xc0, 0x27, 0x70, 0x04, 0x60, 0x1f, 0x88, 0x40,
    0x2a, 0x00, 0xff, 0xe4, 0x8a, 0x00, 0x7f, 0xf0,
    0x88, 0x00, 0x44, 0x00, 0x94, 0x03, 0xf2, 0x00,
    0x42, 0x40, 0x1f, 0xfc, 0xac, 0x00, 0xff, 0xe1,
    0x30, 0x03, 0xbc, 0x02, 0x10, 0x0f, 0xdc, 0x01,
    0x28, 0x07, 0xff, 0x2c, 0xc0, 0x3f, 0xf8, 0x44,
    0x00, 0x21, 0x00, 0x08, 0x07, 0xf1, 0x00, 0x44,
    0x01, 0xff, 0xcb, 0x60, 0x0f, 0xfe, 0x10, 0x80,
    0x1c, 0xc0, 0x06, 0x01, 0xff, 0xd9, 0x30, 0x0f,
    0xfe, 0x17, 0x80, 0x7f, 0xf2, 0x04, 0x03, 0xff,
    0xde, 0x20, 0x1f, 0xfc, 0xb3, 0x00, 0xff, 0xe1,
    0x78, 0x04, 0x60, 0x03, 0x00, 0xfe, 0x20, 0x08,
    0x80, 0x3f, 0xf9, 0x62, 0x01, 0xff, 0xc2, 0x10,
    0x03, 0x88, 0x00, 0x40, 0x3f, 0xb8, 0x02, 0x50,
    0x0f, 0xfe, 0x5a, 0x80, 0x7f, 0xf0, 0x8c, 0x00,
    0x5c, 0x01, 0x08, 0x07, 0xe5, 0x00, 0x84, 0x40,
    0x1f, 0xfc, 0xac, 0x00, 0xff, 0xe1, 0x30, 0x00,
    0x48, 0x02, 0x50, 0x0f, 0xc6, 0x20, 0x13, 0x00,
    0x7f, 0xf2, 0x90, 0x03, 0xff, 0x84, 0x40, 0x0d,
    0x50, 0x08, 0xc0, 0x3f, 0x9c, 0x02, 0xa0, 0x0f,
    0xfe, 0x4a, 0x88, 0x07, 0xff, 0x04, 0x84, 0x00,
    0xc2, 0x20, 0x06, 0x00, 0x7f, 0x50, 0x04, 0x4c,
    0x01, 0xff, 0xc8, 0x80, 0x0f, 0xfe, 0x12, 0x00,
    0x46, 0x08, 0x00, 0x40, 0x0f, 0xe3, 0x40, 0x0a,
    0x04, 0x03, 0xff, 0x8d, 0x04, 0x01, 0xff, 0xc2,
    0xd0, 0x02, 0x00, 0x30, 0x02, 0x40, 0x0f, 0xe8,
    0x00, 0x87, 0x40, 0x3f, 0xf8, 0xaa, 0xe0, 0x1e,
    0x10, 0x0f, 0x85, 0x00, 0x1c, 0x00, 0x70, 0x0b,
    0x80, 0x3f, 0x8d, 0xc0, 0x23, 0xc1, 0x00, 0xff,
    0xe1, 0x2d, 0x00, 0x18, 0x03, 0x28, 0x07, 0xd6,
    0x01, 0x28, 0x00, 0x50, 0x00, 0xa2, 0x01, 0xfd,
    0x08, 0x01, 0x1f, 0xa8, 0x07, 0xfc, 0x33, 0x40,
    0x02, 0x93, 0x00, 0xb8, 0x03, 0xca, 0xa0, 0x03,
    0x80, 0x6f, 0x00, 0xa0, 0x03, 0xfd, 0x66, 0x01,
    0x0d, 0x62, 0x88, 0x07, 0x8e, 0x39, 0x80, 0x03,
    0xe0, 0x80, 0x12, 0xc0, 0x06, 0x7a, 0x00, 0x0c,
    0x00, 0x64, 0x20, 0x03, 0x10, 0x07, 0xfb, 0x10,
    0x03, 0x1d, 0x76, 0xdd, 0x53, 0x3b, 0x1c, 0x02,
    0x2c, 0x20, 0x90, 0x0c, 0xfd, 0x76, 0xe8, 0x00,
    0xa8, 0x03, 0xd0, 0x01, 0x48, 0x07, 0xfd, 0x72,
    0x01, 0xe2, 0x45, 0x51, 0x88, 0x06, 0x5c, 0x20,
    0x00, 0xc8, 0x06, 0x14, 0x40, 0x80, 0x52, 0x80,
    0x1e, 0x53, 0x00, 0x23, 0x00, 0x7f, 0xcd, 0xcc,
    0x01, 0xff, 0xc0, 0x4b, 0xa1, 0x00, 0xcd, 0x00,
    0x1f, 0x86, 0xd8, 0x03, 0xf7, 0x00, 0x52, 0x40,
    0x1f, 0xf0, 0xcf, 0xd3, 0x18, 0x80, 0x44, 0xb1,
    0xb6, 0x80, 0x1f, 0x3e, 0xb1, 0x00, 0x05, 0x27,
    0x90, 0x03, 0xf8, 0xa0, 0x02, 0xc1, 0x00, 0xff,
    0xe0, 0xac, 0xe7, 0x7f, 0xdb, 0x4e, 0x40, 0x1f,
    0xe2, 0x9d, 0xff, 0x75, 0xb0, 0x07, 0xff, 0x01,
    0xd4, 0x00, 0x38, 0x20, 0x1f, 0xfe, 0xaa, 0x30,
    0x01, 0x61, 0x00, 0x7f, 0xfa, 0xb4, 0x80, 0x05,
    0x88, 0x01, 0xff, 0xe9, 0x1c, 0x30, 0x00, 0xdc,
    0x88, 0x07, 0xff, 0xa0, 0x71, 0x40, 0x26, 0xf6,
    0x00, 0xff, 0xf4, 0xd4, 0x80, 0x43, 0x3c, 0xe2,
    0x01, 0xff, 0xc8, 0x39, 0x60, 0x0f, 0xfe, 0x83,
    0x6a, 0x00, 0x43, 0x1d, 0x6c, 0x40, 0x1f, 0xfc,
    0x24, 0x8d, 0xc6, 0xa0, 0x0f, 0xfe, 0x89, 0x5d,
    0x88, 0x03, 0x24, 0xef, 0x5c, 0xba, 0xa2, 0x4a,
    0xd1, 0x5b, 0xf6, 0xe4, 0x00, 0x32, 0x00, 0xff,
    0xe9, 0x26, 0xda, 0x00, 0x70, 0xa3, 0x45, 0x5d,
    0xd5, 0x2e, 0xa4, 0x01, 0xc5, 0x24, 0x01, 0xff,
    0xd4, 0x4b, 0xe8, 0x40, 0x0f, 0xfe, 0x29, 0x35,
    0xeb, 0x00, 0x7f, 0xf5, 0xc5, 0xef, 0xf2, 0x19,
    0x08, 0x40, 0x30, 0x9a, 0xbd, 0x76, 0xca, 0x00,
    0x7f, 0xf1, 0xc0,

    /* U+0041 "A" */
    0x00, 0xff, 0xe4, 0x4f, 0xfe, 0x80, 0x0f, 0xfe,
    0xd8, 0xb0, 0x06, 0x60, 0x0f, 0xfe, 0xdc, 0x80,
    0x70, 0xb0, 0x07, 0xff, 0x69, 0x80, 0x3d, 0x60,
    0x1f, 0xfd, 0x97, 0x10, 0x0f, 0x12, 0x80, 0x7f,
    0xf6, 0x24, 0x02, 0x52, 0x00, 0xa4, 0x03, 0xff,
    0xae, 0xa2, 0x01, 0x4d, 0x80, 0x46, 0x60, 0x0f,
    0xfe, 0xb4, 0x80, 0x46, 0x66, 0x10, 0x0a, 0x00,
    0x3f, 0xfa, 0xa8, 0x60, 0x14, 0x80, 0x24, 0x02,
    0x42, 0x00, 0xff, 0xea, 0x78, 0x04, 0x4a, 0x00,
    0x60, 0x0d, 0x60, 0x1f, 0xfd, 0x32, 0x40, 0x0a,
    0x80, 0x21, 0x60, 0x09, 0x84, 0x03, 0xff, 0xa5,
    0x00, 0x19, 0xc0, 0x35, 0x80, 0x69, 0x00, 0xff,
    0xe8, 0x8a, 0x80, 0x4e, 0x01, 0xc4, 0x80, 0x13,
    0x00, 0x7f, 0xf4, 0x64, 0x03, 0x48, 0x07, 0xbc,
    0x02, 0x16, 0x00, 0xff, 0xe8, 0x38, 0x04, 0xa2,
    0x01, 0xe4, 0x20, 0x0a, 0xc0, 0x3f, 0xf9, 0xee,
    0x01, 0xa4, 0x03, 0xf5, 0x80, 0x44, 0xa0, 0x1f,
    0xfc, 0xe9, 0x00, 0x8c, 0xc0, 0x1f, 0x98, 0x40,
    0x29, 0x00, 0xff, 0xe6, 0xa8, 0x80, 0x52, 0x01,
    0xfe, 0x90, 0x08, 0xcc, 0x01, 0xff, 0xcc, 0x90,
    0x08, 0x94, 0x03, 0xfc, 0xc0, 0x1a, 0x00, 0x3f,
    0xf9, 0x68, 0x60, 0x15, 0x80, 0x7f, 0xc2, 0xc0,
    0x12, 0x10, 0x07, 0xff, 0x2b, 0xc0, 0x21, 0x60,
    0x0f, 0xfe, 0x05, 0x80, 0x6b, 0x00, 0xff, 0xe4,
    0x92, 0x00, 0x4c, 0x01, 0xff, 0xc1, 0x24, 0x00,
    0x98, 0x40, 0x3f, 0xf9, 0x10, 0x01, 0xa4, 0x03,
    0xff, 0x85, 0xe0, 0x1a, 0x40, 0x3f, 0xf8, 0xe2,
    0xa0, 0x12, 0x88, 0x07, 0xff, 0x09, 0x08, 0x02,
    0x60, 0x0f, 0xfe, 0x3c, 0x80, 0x69, 0x00, 0xff,
    0xe2, 0x40, 0x04, 0x2c, 0x01, 0xff, 0xc6, 0x70,
    0x08, 0xcc, 0x01, 0xff, 0xc4, 0x51, 0x00, 0xa0,
    0x03, 0xff, 0x8a, 0xe0, 0x1a, 0x00, 0x3f, 0xf8,
    0xd2, 0x01, 0x0a, 0x80, 0x7f, 0xf1, 0x24, 0x02,
    0x24, 0x00, 0xff, 0xe3, 0x30, 0x06, 0x90, 0x0f,
    0xfe, 0x1a, 0x88, 0x05, 0x60, 0x1f, 0xfc, 0x71,
    0x60, 0x08, 0xd0, 0x03, 0xff, 0x85, 0x00, 0x1a,
    0x37, 0x7f, 0xf9, 0x0e, 0x01, 0xbc, 0x03, 0xff,
    0x82, 0x84, 0x01, 0x84, 0x8b, 0xff, 0x90, 0x20,
    0x19, 0x08, 0x03, 0xff, 0x81, 0xe0, 0x1f, 0xfd,
    0x4b, 0x00, 0xff, 0x8d, 0x00, 0x3f, 0xfa, 0x8c,
    0x20, 0x1f, 0xe9, 0x00, 0xd9, 0xff, 0xff, 0xcc,
    0xa0, 0x0d, 0x20, 0x1f, 0xc2, 0xa0, 0x12, 0x18,
    0x07, 0xff, 0x31, 0x44, 0x02, 0x60, 0x0f, 0xe9,
    0x00, 0xde, 0x01, 0xff, 0xce, 0x90, 0x08, 0x5c,
    0x03, 0xf3, 0x80, 0x44, 0x80, 0x1f, 0xfc, 0xe6,
    0x00, 0xd2, 0x01, 0xf3, 0x80, 0x6b, 0x00, 0xff,
    0xe7, 0x8b, 0x00, 0x42, 0xa0, 0x1e, 0x90, 0x08,
    0x58, 0x03, 0xff, 0xa1, 0x60, 0x1a, 0x40, 0x39,
    0x44, 0x02, 0x60, 0x0f, 0xfe, 0x89, 0x20, 0x04,
    0x68, 0x01, 0xa0, 0x03, 0x48, 0x07, 0xff, 0x4a,
    0x00, 0x37, 0x80, 0x48, 0x40, 0x13, 0x08, 0x07,
    0xff, 0x48, 0xcc, 0x01, 0x21, 0x00, 0x3c, 0x03,
    0x58, 0x07, 0xff, 0x52, 0x40, 0x34, 0x01, 0xa0,
    0x04, 0x84, 0x01, 0xff, 0xd4, 0x51, 0x00, 0x94,
    0x64, 0x03, 0x78, 0x07, 0xff, 0x5a, 0x40, 0x34,
    0x80,

    /* U+0042 "B" */
    0xbf, 0xff, 0xfe, 0x4e, 0xe4, 0xb1, 0x00, 0x7f,
    0xf5, 0x48, 0xda, 0x77, 0x9c, 0x40, 0x3f, 0xfa,
    0xe3, 0x1c, 0xe0, 0x1f, 0xfc, 0x01, 0x1f, 0xfe,
    0x18, 0x07, 0xfa, 0x30, 0x40, 0x3f, 0xdd, 0xdf,
    0xfc, 0x3f, 0xf6, 0xdb, 0x90, 0x07, 0x1e, 0x08,
    0x07, 0xff, 0x38, 0x92, 0x36, 0xc8, 0x03, 0x15,
    0x80, 0x7f, 0xf4, 0x93, 0x58, 0x03, 0x2a, 0x00,
    0x7f, 0xf4, 0xe5, 0x00, 0x37, 0x80, 0x7f, 0xf5,
    0x24, 0x03, 0x20, 0x07, 0xff, 0x50, 0x90, 0x03,
    0x18, 0x07, 0xff, 0x50, 0xc0, 0x33, 0x00, 0x7f,
    0xf5, 0x38, 0x03, 0xff, 0xff, 0xc0, 0x19, 0x80,
    0x3f, 0xfa, 0x86, 0x01, 0x8c, 0x03, 0xff, 0xa6,
    0x48, 0x01, 0x20, 0x07, 0xff, 0x52, 0x40, 0x37,
    0x80, 0x7f, 0xf4, 0xe9, 0x00, 0x24, 0x40, 0x07,
    0xff, 0x45, 0x35, 0x40, 0x21, 0xa0, 0x0f, 0xfe,
    0x71, 0x24, 0x6d, 0x90, 0x04, 0x58, 0x20, 0x1f,
    0xdd, 0xdf, 0xfc, 0x3f, 0xf6, 0xdb, 0x90, 0x06,
    0x6d, 0x20, 0x0f, 0xf0, 0x8f, 0xff, 0x0c, 0x03,
    0xf0, 0xd4, 0x80, 0x7f, 0xf5, 0xc6, 0xb5, 0x80,
    0x3f, 0xfb, 0x05, 0x3a, 0x60, 0x1f, 0xdf, 0xff,
    0xfc, 0x6e, 0xc9, 0x51, 0x00, 0xc5, 0x8c, 0x01,
    0xff, 0xce, 0x13, 0x6a, 0xea, 0x20, 0x0d, 0x2a,
    0x01, 0xff, 0xd2, 0x5d, 0x70, 0x0d, 0x42, 0x01,
    0xff, 0xd3, 0x87, 0x00, 0xd0, 0x01, 0xff, 0xd4,
    0x82, 0x00, 0x98, 0x40, 0x3f, 0xfa, 0x94, 0x01,
    0x90, 0x03, 0xff, 0xa8, 0x80, 0x1b, 0x40, 0x3f,
    0xfa, 0x86, 0x01, 0x88, 0x03, 0xff, 0xb2, 0x20,
    0x1f, 0xff, 0xa3, 0x00, 0xc2, 0x01, 0xff, 0xd4,
    0x40, 0x0d, 0xa0, 0x1f, 0xfd, 0x4a, 0x00, 0xc6,
    0x01, 0xff, 0xd3, 0x72, 0x00, 0x85, 0x00, 0x3f,
    0xfa, 0x4f, 0x00, 0x1a, 0x00, 0x3f, 0xfa, 0x27,
    0x70, 0x01, 0x8d, 0x80, 0x3f, 0xf9, 0xa4, 0xb1,
    0xb8, 0x80, 0x18, 0x74, 0x03, 0xee, 0xef, 0xfe,
    0x2f, 0xfb, 0x69, 0xc8, 0x03, 0x8b, 0x04, 0x03,
    0xe1, 0x1f, 0xfe, 0x28, 0x07, 0xf9, 0xf4, 0x80,
    0x3f, 0xfa, 0x85, 0x1d, 0x00, 0x1f, 0xfd, 0x01,
    0x24, 0x69, 0xdd, 0x38, 0x80, 0x78,

    /* U+0043 "C" */
    0x00, 0xff, 0xe2, 0xa3, 0xd6, 0x77, 0xfe, 0xdc,
    0x96, 0x20, 0x0f, 0xfe, 0x62, 0xdf, 0xdc, 0x29,
    0x88, 0x06, 0x23, 0x69, 0xdd, 0x41, 0x00, 0x7f,
    0xf1, 0xdf, 0xa9, 0x00, 0x3f, 0xf8, 0x64, 0xfb,
    0x66, 0x01, 0xff, 0xc3, 0x5e, 0x81, 0x00, 0xff,
    0xe4, 0x26, 0x48, 0x07, 0xff, 0x06, 0xa8, 0x20,
    0x1e, 0x14, 0x7a, 0xbc, 0xc5, 0xcb, 0xa0, 0x07,
    0xcd, 0xa4, 0x01, 0xfc, 0x5a, 0xa0, 0x1e, 0x6c,
    0xeb, 0x85, 0x43, 0x32, 0x34, 0x5f, 0xda, 0x80,
    0x71, 0x6a, 0x00, 0x7c, 0x58, 0x40, 0x1d, 0x1f,
    0x26, 0x01, 0xff, 0xc0, 0x4a, 0xe6, 0x00, 0xea,
    0x00, 0xf1, 0x60, 0x80, 0x64, 0xe7, 0x00, 0xff,
    0xe2, 0x8c, 0xe0, 0x80, 0x5a, 0x01, 0xc3, 0xe2,
    0x01, 0xa2, 0xc4, 0x03, 0xff, 0x90, 0x7e, 0x61,
    0x86, 0x01, 0xd6, 0x40, 0x1a, 0x5c, 0x03, 0xff,
    0x96, 0x39, 0xa6, 0x01, 0xca, 0xa0, 0x0d, 0x2c,
    0x01, 0xff, 0xce, 0x20, 0x0f, 0x58, 0x06, 0x66,
    0x00, 0x7f, 0xf5, 0x5c, 0x40, 0x22, 0x90, 0x0f,
    0xfe, 0xb4, 0x80, 0x69, 0x00, 0xff, 0xeb, 0x20,
    0x80, 0x46, 0x80, 0x1f, 0xfd, 0x6e, 0x00, 0xd2,
    0x01, 0xff, 0xd7, 0x40, 0x08, 0x54, 0x03, 0xff,
    0xac, 0x42, 0x01, 0x20, 0x07, 0xff, 0x5d, 0xc0,
    0x36, 0x00, 0x7f, 0xf5, 0xc8, 0x03, 0x28, 0x07,
    0xff, 0x5f, 0x80, 0x31, 0x00, 0x7f, 0xf5, 0xcc,
    0x03, 0x08, 0x07, 0xff, 0xfc, 0x03, 0xff, 0xbc,
    0x60, 0x18, 0x40, 0x3f, 0xfa, 0xfc, 0x01, 0x88,
    0x03, 0xff, 0xae, 0x40, 0x19, 0x40, 0x3f, 0xfa,
    0xee, 0x01, 0xb0, 0x03, 0xff, 0xae, 0x42, 0x01,
    0x20, 0x07, 0xff, 0x61, 0x00, 0x21, 0x50, 0x0f,
    0xfe, 0xbf, 0x00, 0x69, 0x00, 0xff, 0xeb, 0xa0,
    0x80, 0x46, 0x80, 0x1f, 0xfd, 0x78, 0x00, 0xd2,
    0x01, 0xff, 0xd7, 0x61, 0x00, 0x8a, 0x40, 0x3f,
    0xfa, 0xf6, 0x01, 0x99, 0x80, 0x1f, 0xfd, 0x65,
    0x50, 0x06, 0x96, 0x00, 0xff, 0xe6, 0x89, 0x80,
    0x7d, 0x64, 0x01, 0xa5, 0xc0, 0x3f, 0xf9, 0x63,
    0x98, 0x40, 0x0f, 0x0f, 0x88, 0x06, 0x8b, 0x10,
    0x0f, 0xfe, 0x42, 0x79, 0x05, 0xa0, 0x07, 0x8b,
    0x44, 0x03, 0x27, 0x38, 0x80, 0x7f, 0xf1, 0x0a,
    0xac, 0x40, 0x2a, 0x00, 0xf8, 0xf0, 0x80, 0x3a,
    0x3a, 0x4c, 0x03, 0xff, 0x80, 0x95, 0xaa, 0x01,
    0x87, 0x40, 0x3f, 0x16, 0x28, 0x07, 0x9b, 0x3a,
    0xe1, 0x50, 0xcc, 0x8d, 0x17, 0xf6, 0xa0, 0x1c,
    0x58, 0x60, 0x1f, 0xc3, 0x54, 0x10, 0x0f, 0x0a,
    0x3d, 0x5e, 0x62, 0xe5, 0xd0, 0x03, 0xe7, 0xd2,
    0x00, 0xff, 0xe0, 0x2f, 0x40, 0x80, 0x7f, 0xf2,
    0x17, 0x60, 0x03, 0xff, 0x88, 0xfd, 0x48, 0x01,
    0xff, 0xc3, 0x27, 0xda, 0x20, 0x0f, 0xfe, 0x3a,
    0xdf, 0xdb, 0xa9, 0x08, 0x06, 0x24, 0x69, 0xdd,
    0x41, 0x00, 0x7c,

    /* U+0044 "D" */
    0xbf, 0xff, 0xfe, 0x3f, 0x6e, 0x4b, 0x18, 0x07,
    0xff, 0x64, 0x48, 0xda, 0x73, 0xe9, 0x00, 0x3f,
    0xfb, 0xab, 0x7c, 0xc0, 0x1f, 0xfd, 0xd1, 0x9e,
    0x50, 0x0f, 0xfe, 0x1e, 0xf7, 0x7f, 0xf0, 0x77,
    0x2e, 0x14, 0x80, 0x3c, 0x35, 0x40, 0x0f, 0xfe,
    0x11, 0x08, 0xff, 0xf0, 0x48, 0xd1, 0xeb, 0x74,
    0xe2, 0x01, 0xcb, 0xa4, 0x01, 0xff, 0xd4, 0x28,
    0xe9, 0x10, 0x0c, 0x58, 0x60, 0x1f, 0xfd, 0x66,
    0xf5, 0x00, 0xc3, 0xa4, 0x01, 0xff, 0xd6, 0x1a,
    0x90, 0x0c, 0x3e, 0x20, 0x1f, 0xfd, 0x76, 0xb0,
    0x0c, 0x56, 0x01, 0xff, 0xd8, 0x4a, 0x00, 0xca,
    0xa0, 0x0f, 0xfe, 0xc2, 0xb8, 0x06, 0xb0, 0x0f,
    0xfe, 0xcc, 0x10, 0x04, 0x2c, 0x01, 0xff, 0xd9,
    0x90, 0x0d, 0x60, 0x1f, 0xfd, 0x94, 0x30, 0x08,
    0x8c, 0x03, 0xff, 0xb3, 0x20, 0x1a, 0xc0, 0x3f,
    0xfb, 0x2a, 0x01, 0x94, 0x03, 0xff, 0xb4, 0x80,
    0x11, 0x00, 0x7f, 0xf6, 0x8c, 0x03, 0x18, 0x07,
    0xff, 0x67, 0x40, 0x33, 0x00, 0x7f, 0xf6, 0x58,
    0x03, 0x10, 0x07, 0xff, 0x64, 0x40, 0x37, 0x80,
    0x7f, 0xff, 0xc0, 0x3f, 0xfc, 0x82, 0x01, 0xbc,
    0x03, 0xff, 0xb2, 0xc0, 0x18, 0x80, 0x3f, 0xfb,
    0x3a, 0x01, 0x98, 0x03, 0xff, 0xb2, 0x60, 0x18,
    0xc0, 0x3f, 0xfb, 0x28, 0x01, 0x10, 0x07, 0xff,
    0x65, 0x40, 0x32, 0x80, 0x7f, 0xf6, 0x64, 0x03,
    0x58, 0x07, 0xff, 0x61, 0x0c, 0x02, 0x23, 0x00,
    0xff, 0xec, 0x48, 0x06, 0xb0, 0x0f, 0xfe, 0xc4,
    0x10, 0x04, 0x2c, 0x01, 0xff, 0xd7, 0x57, 0x00,
    0xd6, 0x01, 0xff, 0xd7, 0x4a, 0x00, 0xca, 0xa0,
    0x0f, 0xfe, 0xb2, 0xd8, 0x06, 0x2b, 0x00, 0xff,
    0xeb, 0x4d, 0x00, 0x61, 0xf1, 0x00, 0xff, 0xea,
    0x37, 0x30, 0x06, 0x1d, 0x20, 0x0f, 0xfe, 0x91,
    0x47, 0x48, 0x80, 0x62, 0xc3, 0x00, 0xff, 0x88,
    0x47, 0xff, 0x82, 0x46, 0x8f, 0x5b, 0xa7, 0x10,
    0x0e, 0x5c, 0x20, 0x0f, 0xfe, 0x06, 0xf7, 0x7f,
    0xf0, 0x77, 0x2e, 0x14, 0x80, 0x3c, 0x35, 0x41,
    0x00, 0xff, 0xec, 0x8c, 0x72, 0x80, 0x7f, 0xf6,
    0x56, 0xf9, 0xc0, 0x3f, 0xfa, 0xa4, 0x6d, 0x39,
    0xf4, 0x80, 0x1f, 0xfc, 0x20,

    /* U+0045 "E" */
    0xbf, 0xff, 0xfe, 0x90, 0x07, 0xff, 0xfc, 0x03,
    0xff, 0x9f, 0xbd, 0xdf, 0xfc, 0xd0, 0x0f, 0x10,
    0x8f, 0xff, 0x34, 0x03, 0xff, 0xfe, 0x01, 0xff,
    0xff, 0x00, 0xff, 0xff, 0x80, 0x7f, 0xff, 0xc0,
    0x3f, 0xff, 0xe0, 0x1f, 0xff, 0xf0, 0x0d, 0xff,
    0xff, 0xcb, 0x30, 0x0f, 0xff, 0xf8, 0x07, 0xff,
    0x47, 0xbf, 0xff, 0xf9, 0x46, 0x01, 0xf8, 0x40,
    0x3f, 0xff, 0xe0, 0x1f, 0xff, 0xf0, 0x0f, 0xff,
    0xf8, 0x07, 0xff, 0xfc, 0x03, 0xff, 0xfe, 0x01,
    0xff, 0xff, 0x00, 0xff, 0xe8, 0x90, 0x8f, 0xff,
    0x38, 0x03, 0xb7, 0xbb, 0xff, 0x9c, 0x01, 0xff,
    0xff, 0x00, 0xff, 0xe4, 0x80,

    /* U+0046 "F" */
    0xbf, 0xff, 0xfe, 0x90, 0x07, 0xff, 0xfc, 0x03,
    0xff, 0x9f, 0xbd, 0xdf, 0xfc, 0xd0, 0x0f, 0x10,
    0x8f, 0xff, 0x34, 0x03, 0xff, 0xfe, 0x01, 0xff,
    0xff, 0x00, 0xff, 0xff, 0x80, 0x7f, 0xff, 0xc0,
    0x3f, 0xff, 0xe0, 0x1f, 0xff, 0xf0, 0x0f, 0xfe,
    0xc1, 0x08, 0xff, 0xf2, 0x80, 0x3f, 0xb7, 0xbb,
    0xff, 0x94, 0x60, 0x1f, 0xff, 0xf0, 0x0f, 0xfe,
    0x8f, 0xff, 0xff, 0x2c, 0xc0, 0x3f, 0xff, 0xe0,
    0x1f, 0xff, 0xf0, 0x0f, 0xff, 0xf8, 0x07, 0xff,
    0xfc, 0x03, 0xff, 0xfe, 0x01, 0xff, 0xff, 0x00,
    0xff, 0xff, 0x80, 0x7f, 0xfa, 0x80,

    /* U+0047 "G" */
    0x00, 0xff, 0xe2, 0x9b, 0xd6, 0x77, 0xfe, 0xec,
    0xa7, 0x40, 0x0f, 0xfe, 0x62, 0x57, 0xe4, 0x29,
    0x88, 0x06, 0x13, 0x58, 0xbf, 0xb5, 0x00, 0xff,
    0xe3, 0xb6, 0xda, 0x80, 0x7f, 0xf1, 0x12, 0xb9,
    0xc0, 0x3f, 0xf8, 0x69, 0xb2, 0x40, 0x1f, 0xfc,
    0x81, 0x8d, 0x40, 0x0f, 0xfe, 0x05, 0x59, 0x00,
    0x7c, 0x8f, 0x37, 0x6c, 0xba, 0x85, 0x20, 0x0f,
    0x15, 0xc0, 0x07, 0xf1, 0x6a, 0x80, 0x79, 0xaf,
    0xee, 0x19, 0x10, 0x68, 0xaf, 0x5b, 0xd0, 0x40,
    0x1c, 0xf4, 0x01, 0xf1, 0x61, 0x00, 0x73, 0xf4,
    0xa0, 0x07, 0xff, 0x00, 0x5f, 0x68, 0x80, 0x32,
    0xb0, 0x07, 0x16, 0x08, 0x06, 0x4d, 0x81, 0x00,
    0xff, 0xe2, 0xae, 0xb8, 0x04, 0xcc, 0x00, 0xef,
    0x10, 0x0c, 0xf6, 0x40, 0x1f, 0xfc, 0x98, 0xa0,
    0x69, 0x00, 0xea, 0x20, 0x0d, 0x30, 0x01, 0xff,
    0xcc, 0x5d, 0x90, 0x0e, 0x55, 0x00, 0x68, 0x60,
    0x0f, 0xfe, 0x71, 0x00, 0x7a, 0xc0, 0x33, 0x38,
    0x07, 0xff, 0x55, 0xc4, 0x02, 0x29, 0x00, 0xff,
    0xeb, 0x48, 0x06, 0x90, 0x0f, 0xfe, 0xb2, 0x08,
    0x04, 0x68, 0x01, 0xff, 0xd6, 0xe0, 0x0d, 0x20,
    0x1f, 0xfd, 0x74, 0x00, 0x85, 0x40, 0x3f, 0xfa,
    0xc4, 0x20, 0x12, 0x00, 0x7f, 0xf5, 0xdc, 0x03,
    0x60, 0x07, 0xff, 0x5c, 0x80, 0x32, 0x80, 0x7f,
    0xf5, 0xf8, 0x03, 0x10, 0x07, 0xff, 0x5c, 0xc0,
    0x30, 0x80, 0x7f, 0xfe, 0x86, 0x23, 0x18, 0x07,
    0xff, 0x5c, 0xdd, 0xf2, 0x98, 0x06, 0x10, 0x0f,
    0xfe, 0xbf, 0x00, 0x62, 0x00, 0xff, 0xeb, 0x90,
    0x06, 0x50, 0x0f, 0xfe, 0xbb, 0x80, 0x6c, 0x00,
    0xff, 0xeb, 0x90, 0x80, 0x4a, 0x01, 0xff, 0xd8,
    0x40, 0x0c, 0xa0, 0x1f, 0xfd, 0x7e, 0x00, 0xd2,
    0x01, 0xff, 0xd7, 0x41, 0x00, 0x8d, 0x40, 0x3f,
    0xfa, 0xf0, 0x01, 0xac, 0x03, 0xff, 0xae, 0xc2,
    0x01, 0x0d, 0x00, 0x7f, 0xf5, 0xec, 0x03, 0x2b,
    0x80, 0x7f, 0xf5, 0x95, 0x40, 0x1a, 0x18, 0x03,
    0xff, 0xad, 0x44, 0x01, 0xa6, 0x00, 0x3f, 0xfa,
    0xde, 0x20, 0x19, 0xf0, 0x80, 0x3f, 0xf9, 0x2a,
    0x01, 0xfe, 0x2c, 0x10, 0x0c, 0x7b, 0x02, 0x01,
    0xff, 0xc5, 0x3c, 0x80, 0x0f, 0xf8, 0xb0, 0x80,
    0x39, 0xfa, 0x50, 0x03, 0xff, 0x80, 0x2d, 0x98,
    0x30, 0x0c, 0x2a, 0x01, 0xf1, 0x6a, 0x80, 0x79,
    0xaf, 0xee, 0x19, 0x0c, 0xc8, 0xaf, 0x5b, 0xd2,
    0x60, 0x1c, 0x7e, 0x60, 0x1f, 0xd5, 0x41, 0x00,
    0xf9, 0x1e, 0x6f, 0x31, 0x75, 0x0a, 0x40, 0x1e,
    0x19, 0xc1, 0x00, 0xff, 0x97, 0xa4, 0x40, 0x3f,
    0xf9, 0x02, 0xfe, 0xc0, 0x1f, 0xfc, 0x36, 0xeb,
    0x50, 0x0f, 0xfe, 0x22, 0x57, 0x40, 0x80, 0x7f,
    0xf1, 0x92, 0xbe, 0xe1, 0x4c, 0x40, 0x30, 0x9a,
    0xc6, 0x7d, 0xa8, 0x07, 0xc0,

    /* U+0048 "H" */
    0xbf, 0xfc, 0x01, 0xff, 0xd0, 0xff, 0xd6, 0x01,
    0xff, 0xff, 0x00, 0xff, 0xff, 0x80, 0x7f, 0xff,
    0xc0, 0x3f, 0xff, 0xe0, 0x1f, 0xff, 0xf0, 0x0f,
    0xff, 0xf8, 0x07, 0xff, 0xfc, 0x03, 0xff, 0xfe,
    0x01, 0xff, 0xff, 0x00, 0xff, 0xf4, 0x7f, 0xff,
    0xf4, 0x00, 0x3f, 0xff, 0xe0, 0x1f, 0xfe, 0x5c,
    0xdd, 0xff, 0xe7, 0x80, 0x7f, 0x8c, 0x8b, 0xff,
    0x9e, 0x01, 0xff, 0xff, 0x00, 0xff, 0xff, 0x80,
    0x7f, 0xff, 0xc0, 0x3f, 0xff, 0xe0, 0x1f, 0xff,
    0xf0, 0x0f, 0xff, 0xf8, 0x07, 0xff, 0xfc, 0x03,
    0xff, 0xfe, 0x01, 0xff, 0xff, 0x00, 0xff, 0xf4,
    0x00,

    /* U+0049 "I" */
    0xbf, 0xfc, 0x01, 0xff, 0xff, 0x00, 0xff, 0xff,
    0x80, 0x7f, 0xff, 0xc0, 0x3f, 0xfb, 0x80,

    /* U+004A "J" */
    0x00, 0xee, 0xff, 0xff, 0xe4, 0x10, 0x07, 0xff,
    0xfc, 0x03, 0xfe, 0xfe, 0xef, 0xfe, 0x1b, 0x00,
    0x7f, 0x84, 0x7f, 0xf8, 0xa0, 0x1f, 0xff, 0xf0,
    0x0f, 0xff, 0xf8, 0x07, 0xff, 0xfc, 0x03, 0xff,
    0xfe, 0x01, 0xff, 0xff, 0x00, 0xff, 0xff, 0x80,
    0x7f, 0xff, 0xc0, 0x3f, 0xff, 0xe0, 0x1f, 0xff,
    0xf0, 0x0f, 0xff, 0x48, 0x80, 0x63, 0x00, 0xff,
    0xe4, 0x98, 0x06, 0x10, 0x0f, 0xfe, 0x4b, 0x80,
    0x42, 0x01, 0x90, 0x03, 0xff, 0x88, 0x24, 0x01,
    0x28, 0x04, 0xd6, 0xa0, 0x1f, 0xfc, 0x36, 0x00,
    0xd8, 0x00, 0x49, 0x0a, 0x40, 0x0f, 0xfe, 0x14,
    0x80, 0x65, 0x01, 0xb0, 0x0a, 0xd8, 0x03, 0xff,
    0x81, 0x42, 0x01, 0x19, 0x00, 0xb0, 0x06, 0x9b,
    0x20, 0x0f, 0xc3, 0x6a, 0x01, 0xa0, 0x02, 0x94,
    0x00, 0xc9, 0xb6, 0xc6, 0x44, 0x35, 0x9e, 0x40,
    0x0c, 0xa8, 0x01, 0xad, 0x40, 0x39, 0x27, 0x37,
    0x59, 0x4c, 0x01, 0xc7, 0x40, 0x1e, 0xa9, 0x00,
    0xff, 0xe2, 0x2e, 0x00, 0x7e, 0x6e, 0x60, 0x0f,
    0xfe, 0x01, 0x55, 0x00, 0x3f, 0xc3, 0x3f, 0x4c,
    0x62, 0x01, 0x12, 0x46, 0x6a, 0x80, 0x78,

    /* U+004B "K" */
    0xbf, 0xfc, 0x01, 0xff, 0xcd, 0x3f, 0xfe, 0x50,
    0x0f, 0xfe, 0x99, 0xe8, 0x06, 0xa5, 0x00, 0xff,
    0xe9, 0x16, 0x88, 0x05, 0x2a, 0x01, 0xff, 0xd2,
    0x2c, 0x10, 0x0a, 0x18, 0x03, 0xff, 0xa4, 0x58,
    0x20, 0x13, 0xb8, 0x03, 0xff, 0xa4, 0x38, 0x20,
    0x13, 0xc0, 0x07, 0xff, 0x48, 0x70, 0x40, 0x26,
    0x80, 0x0f, 0xfe, 0x90, 0xe1, 0x00, 0x4b, 0x20,
    0x1f, 0xfd, 0x21, 0xc2, 0x00, 0x92, 0x80, 0x3f,
    0xfa, 0x43, 0xa4, 0x01, 0x25, 0x80, 0x7f, 0xf4,
    0xf4, 0xc0, 0x23, 0xb0, 0x0f, 0xfe, 0x9e, 0x18,
    0x04, 0x78, 0x01, 0xff, 0xd3, 0xb3, 0x00, 0x8b,
    0x40, 0x3f, 0xfa, 0x76, 0x80, 0x11, 0x60, 0x80,
    0x7f, 0xf4, 0xad, 0x00, 0x21, 0xc1, 0x00, 0xff,
    0xe9, 0x52, 0x00, 0x43, 0x82, 0x01, 0xff, 0xd2,
    0xa5, 0x00, 0x87, 0x08, 0x03, 0xff, 0xa5, 0x2a,
    0x01, 0xb4, 0x80, 0x3f, 0xfa, 0x52, 0xc0, 0x1b,
    0x0c, 0x03, 0xff, 0xa5, 0x0c, 0x01, 0xac, 0xc0,
    0x3f, 0xfa, 0x50, 0xe0, 0x19, 0x50, 0x03, 0xff,
    0xa4, 0xee, 0x00, 0xe5, 0x50, 0x07, 0xff, 0x45,
    0xe0, 0x03, 0xea, 0x30, 0x0f, 0xfe, 0x7b, 0x40,
    0x07, 0xf6, 0x88, 0x07, 0xff, 0x35, 0xa4, 0x03,
    0x3e, 0x00, 0x61, 0xd0, 0x0f, 0xfe, 0x62, 0xc8,
    0x06, 0x78, 0x3a, 0x00, 0xc7, 0x60, 0x1f, 0xfc,
    0xa5, 0xa0, 0x0c, 0xd0, 0x00, 0x57, 0x00, 0xc9,
    0x00, 0x1f, 0xfc, 0x9a, 0x00, 0xcd, 0x20, 0x1a,
    0x14, 0x03, 0x3b, 0x00, 0x7f, 0xf3, 0x1a, 0x40,
    0x3d, 0x48, 0x01, 0xa4, 0xc0, 0x3f, 0xf9, 0x4d,
    0x20, 0x1f, 0xa8, 0x80, 0x36, 0x90, 0x07, 0xff,
    0x21, 0x64, 0x03, 0xf8, 0x7c, 0x40, 0x21, 0xf1,
    0x00, 0xff, 0xe3, 0x2d, 0x00, 0x7f, 0xc5, 0xa0,
    0x18, 0xa8, 0x03, 0xff, 0x8a, 0xb4, 0x01, 0xff,
    0xc1, 0x3a, 0x00, 0xc9, 0x20, 0x1f, 0xfc, 0x4a,
    0x00, 0xff, 0xe1, 0xac, 0x00, 0x66, 0x60, 0x07,
    0xff, 0x51, 0xd8, 0x03, 0x4a, 0x00, 0x7f, 0xf5,
    0x25, 0x00, 0x35, 0x90, 0x07, 0xff, 0x52, 0xcc,
    0x03, 0x60, 0x80, 0x7f, 0xf5, 0x34, 0x40, 0x21,
    0xd0, 0x0f, 0xfe, 0xa0, 0xe8, 0x06, 0x3a, 0x00,
    0xff, 0xea, 0x1d, 0x80, 0x65, 0x70, 0x0f, 0xfe,
    0xa2, 0x48, 0x06, 0x85, 0x00, 0xff, 0xea, 0x33,
    0x80, 0x6a, 0x30, 0x0f, 0xfe, 0xa4, 0x28, 0x06,
    0xd1, 0x00, 0xff, 0xea, 0x51, 0x80, 0x43, 0xa0,
    0x1f, 0xfd, 0x5d, 0x20, 0x08, 0xec, 0x00,

    /* U+004C "L" */
    0xbf, 0xfc, 0x01, 0xff, 0xff, 0x00, 0xff, 0xff,
    0x80, 0x7f, 0xff, 0xc0, 0x3f, 0xff, 0xe0, 0x1f,
    0xff, 0xf0, 0x0f, 0xff, 0xf8, 0x07, 0xff, 0xfc,
    0x03, 0xff, 0xfe, 0x01, 0xff, 0xff, 0x00, 0xff,
    0xff, 0x80, 0x7f, 0xff, 0xc0, 0x3f, 0xff, 0xe0,
    0x1f, 0xff, 0xf0, 0x0f, 0xff, 0xf8, 0x07, 0xff,
    0xfc, 0x03, 0xff, 0xfe, 0x01, 0xff, 0xdc, 0x21,
    0x1f, 0xfe, 0x60, 0x07, 0xb7, 0xbb, 0xff, 0x98,
    0x40, 0x1f, 0xff, 0xf0, 0x0f, 0xfe, 0x30,

    /* U+004D "M" */
    0xbf, 0xf9, 0xc0, 0x3f, 0xfb, 0x2b, 0xff, 0x68,
    0x06, 0x81, 0x00, 0xff, 0xec, 0x58, 0x07, 0xf5,
    0x80, 0x7f, 0xf5, 0xe0, 0x40, 0x3f, 0x94, 0xc0,
    0x3f, 0xfa, 0xa4, 0xe0, 0x1f, 0xf7, 0x00, 0x7f,
    0xf5, 0x60, 0x03, 0xff, 0x80, 0x4c, 0x01, 0xff,
    0xd3, 0x45, 0x00, 0xff, 0xe0, 0xc0, 0x80, 0x7f,
    0xf4, 0xa4, 0x03, 0xff, 0x84, 0x30, 0x01, 0xff,
    0xd1, 0x62, 0x00, 0xff, 0xe1, 0xb1, 0x00, 0x7f,
    0xf3, 0xc6, 0x00, 0x3f, 0xf8, 0x02, 0x01, 0xa4,
    0x03, 0xff, 0x9f, 0x02, 0x01, 0x10, 0x07, 0xe3,
    0x80, 0x09, 0x14, 0x03, 0xff, 0x9a, 0x4c, 0x01,
    0x43, 0x00, 0x7f, 0x39, 0x00, 0x56, 0x01, 0xff,
    0xcd, 0x90, 0x08, 0x9c, 0x03, 0xfe, 0x90, 0x08,
    0x5c, 0x03, 0xff, 0x96, 0x88, 0x00, 0xa4, 0x03,
    0xff, 0x80, 0x88, 0x00, 0xa0, 0x40, 0x3f, 0xf9,
    0x52, 0x01, 0x22, 0x00, 0x3f, 0xf8, 0x32, 0x01,
    0xac, 0x03, 0xff, 0x92, 0xe4, 0x01, 0x48, 0x07,
    0xff, 0x08, 0x9c, 0x02, 0x53, 0x00, 0xff, 0xe3,
    0x8c, 0x00, 0x4e, 0x40, 0x1f, 0xfc, 0x38, 0x10,
    0x0b, 0x80, 0x3f, 0xf8, 0xf0, 0x01, 0x0c, 0x00,
    0x7f, 0xf1, 0x6c, 0x02, 0x26, 0x00, 0xff, 0xe2,
    0x9b, 0x00, 0x50, 0x01, 0xff, 0xc6, 0x53, 0x00,
    0xa0, 0x40, 0x3f, 0xf8, 0x9e, 0x01, 0x1b, 0x00,
    0x7f, 0xf1, 0xf8, 0x02, 0x18, 0x00, 0xff, 0xe1,
    0xa9, 0x80, 0x5e, 0x01, 0xff, 0xc8, 0x26, 0x00,
    0x98, 0x80, 0x3f, 0xf8, 0x56, 0x01, 0x29, 0x80,
    0x7f, 0xf2, 0x60, 0x40, 0x29, 0x00, 0xff, 0xe0,
    0xc0, 0x80, 0x56, 0x01, 0xff, 0xca, 0x18, 0x00,
    0x91, 0x40, 0x3f, 0xe1, 0x70, 0x0a, 0x04, 0x03,
    0xff, 0x96, 0xc4, 0x01, 0x40, 0x07, 0xfd, 0x60,
    0x11, 0x38, 0x07, 0xff, 0x37, 0x80, 0x22, 0x70,
    0x0f, 0xe3, 0x50, 0x0a, 0x40, 0x3f, 0xf9, 0xc6,
    0xa0, 0x14, 0x08, 0x07, 0xef, 0x00, 0x91, 0x00,
    0x1f, 0xfc, 0xfb, 0x00, 0xd6, 0x01, 0xf3, 0x18,
    0x05, 0x20, 0x1f, 0xfd, 0x01, 0x80, 0x09, 0x4c,
    0x03, 0xd0, 0x01, 0x39, 0x00, 0x7f, 0xf4, 0x5c,
    0x80, 0x2e, 0x00, 0xe8, 0x10, 0x00, 0xc0, 0x07,
    0xff, 0x4e, 0x40, 0x22, 0x60, 0x08, 0x9c, 0x02,
    0x80, 0x0f, 0xfe, 0xa2, 0x20, 0x02, 0x81, 0x00,
    0x48, 0x04, 0x6c, 0x01, 0xff, 0xd5, 0x90, 0x08,
    0x60, 0x11, 0x00, 0x17, 0x80, 0x7f, 0xf5, 0x89,
    0xc0, 0x26, 0x39, 0x00, 0x94, 0xc0, 0x3f, 0xfa,
    0xf0, 0x20, 0x16, 0x90, 0x05, 0x60, 0x1f, 0xfd,
    0x98, 0x00, 0x84, 0x02, 0x81, 0x00, 0xff, 0xec,
    0xb1, 0x80, 0x71, 0x38, 0x07, 0xff, 0x6f, 0xc0,
    0x3a, 0x00, 0x3f, 0xfb, 0x86, 0xc0, 0x12, 0x28,
    0x07, 0xff, 0x76, 0x00, 0x29, 0x00, 0xff, 0xef,
    0x0e, 0x5e, 0x10, 0x07, 0xff, 0x7c, 0xd0, 0xc0,
    0x3f, 0xff, 0xe0, 0x1f, 0xff, 0xf0, 0x0f, 0xff,
    0x80,

    /* U+004E "N" */
    0xbf, 0xfa, 0x40, 0x3f, 0xfa, 0x1f, 0xfa, 0xc0,
    0x33, 0x30, 0x03, 0xff, 0xb3, 0x26, 0x01, 0xff,
    0xd9, 0xd1, 0x00, 0xff, 0xec, 0x0e, 0x80, 0x7f,
    0xf6, 0x4e, 0x40, 0x3f, 0xfb, 0x2c, 0xa0, 0x1f,
    0xfd, 0x9a, 0x20, 0x0f, 0xfe, 0xa0, 0x80, 0x6f,
    0x10, 0x0f, 0xfe, 0x9d, 0x00, 0x62, 0xa0, 0x0f,
    0xfe, 0x9a, 0x40, 0x06, 0x48, 0x00, 0xff, 0xe9,
    0xba, 0x80, 0x67, 0x50, 0x0f, 0xfe, 0x9d, 0x10,
    0x06, 0xa2, 0x00, 0xff, 0xe9, 0xf8, 0x07, 0x78,
    0x07, 0xff, 0x4c, 0xac, 0x03, 0x15, 0x00, 0x7f,
    0xf4, 0xd1, 0xc0, 0x32, 0xb8, 0x07, 0xff, 0x4e,
    0x10, 0x03, 0x42, 0x00, 0x7f, 0xf4, 0xe8, 0x80,
    0x35, 0x10, 0x07, 0xff, 0x48, 0x7c, 0x03, 0x0f,
    0x80, 0x7f, 0xf4, 0xca, 0x80, 0x31, 0x50, 0x07,
    0xff, 0x4d, 0x5c, 0x03, 0x2b, 0x80, 0x7f, 0xf4,
    0xe1, 0x00, 0x34, 0x20, 0x07, 0xff, 0x4e, 0x84,
    0x03, 0x50, 0x80, 0x7f, 0xf4, 0x87, 0x40, 0x30,
    0xe8, 0x07, 0xff, 0x4c, 0xe4, 0x03, 0x1c, 0x80,
    0x7f, 0xf4, 0xd9, 0x80, 0x19, 0x98, 0x01, 0xff,
    0xd3, 0x93, 0x00, 0xd2, 0x60, 0x1f, 0xfd, 0x3d,
    0x10, 0x0d, 0xa2, 0x01, 0xff, 0xd2, 0x1d, 0x00,
    0xc3, 0xa0, 0x1f, 0xfd, 0x33, 0x90, 0x0c, 0x72,
    0x01, 0xff, 0xd3, 0x65, 0x00, 0xcc, 0xa0, 0x1f,
    0xfd, 0x3a, 0x20, 0x0d, 0x46, 0x01, 0xff, 0xd3,
    0xf1, 0x00, 0xda, 0x20, 0x1f, 0xfd, 0x22, 0xa0,
    0x0c, 0x34, 0x01, 0xff, 0xd3, 0x48, 0x00, 0xc9,
    0x00, 0x1f, 0xfd, 0x37, 0x50, 0x0c, 0xea, 0x01,
    0xff, 0xd3, 0xa2, 0x00, 0xd4, 0x01, 0xff, 0xd4,
    0xf0, 0x0f, 0xfe, 0xc9, 0x50, 0x07, 0xff, 0x65,
    0x5c, 0x03, 0xff, 0xb3, 0x08, 0x01, 0xff, 0xd9,
    0xa2, 0x00, 0xff, 0xec, 0x0f, 0x00, 0x7f, 0xf6,
    0x4e, 0x80, 0x3f, 0xfb, 0x2a, 0xc0, 0x18,

    /* U+004F "O" */
    0x00, 0xff, 0xe2, 0xa3, 0xd6, 0x77, 0xfe, 0xec,
    0x96, 0x30, 0x0f, 0xfe, 0x9a, 0xdf, 0xdc, 0x29,
    0x88, 0x06, 0x13, 0x69, 0xce, 0x93, 0x00, 0xff,
    0xe7, 0x3f, 0x52, 0x00, 0x7f, 0xf0, 0xc5, 0xb3,
    0x08, 0x01, 0xff, 0xca, 0x5e, 0x81, 0x00, 0xff,
    0xe4, 0x1d, 0xe1, 0x00, 0x7f, 0xf1, 0xea, 0x82,
    0x01, 0xe1, 0x58, 0xab, 0xcc, 0x5c, 0xba, 0x00,
    0x7c, 0x7a, 0xe0, 0x1f, 0xfc, 0x42, 0xd5, 0x00,
    0xe1, 0x7c, 0xea, 0x75, 0x43, 0x32, 0x34, 0x5f,
    0xda, 0x80, 0x7a, 0x28, 0x03, 0xff, 0x84, 0x58,
    0x40, 0x18, 0x63, 0xa0, 0xc0, 0x3f, 0xf8, 0x09,
    0x5c, 0xc0, 0x1c, 0xb8, 0x01, 0xff, 0xc0, 0x2c,
    0x10, 0x0c, 0xbe, 0xe0, 0x1f, 0xfc, 0x51, 0x9c,
    0x20, 0x0c, 0x76, 0x01, 0xff, 0x78, 0x80, 0x68,
    0xa1, 0x00, 0xff, 0xe4, 0x1e, 0xa0, 0x06, 0x49,
    0x00, 0xfe, 0xa2, 0x00, 0xd4, 0xe0, 0x1f, 0xfc,
    0xcb, 0x50, 0x0c, 0xca, 0x01, 0xf2, 0x28, 0x06,
    0x95, 0x00, 0xff, 0xe7, 0x52, 0x00, 0x6a, 0x10,
    0x0f, 0x48, 0x06, 0x66, 0x00, 0x7f, 0xf4, 0x2c,
    0x80, 0x34, 0x00, 0x73, 0x10, 0x04, 0x52, 0x01,
    0xff, 0xd2, 0xe0, 0x0c, 0xc4, 0x01, 0xa0, 0x03,
    0x48, 0x07, 0xff, 0x4c, 0xd8, 0x03, 0x58, 0x04,
    0x82, 0x01, 0x1a, 0x00, 0x7f, 0xf5, 0x2c, 0x03,
    0x30, 0x05, 0xc0, 0x1a, 0x40, 0x3f, 0xfa, 0xa4,
    0xa0, 0x19, 0x40, 0x08, 0x01, 0x0a, 0x80, 0x7f,
    0xf5, 0xb8, 0x03, 0x78, 0x10, 0x80, 0x48, 0x01,
    0xff, 0xd7, 0x40, 0x0c, 0xe0, 0xe0, 0x1b, 0x00,
    0x3f, 0xfb, 0x06, 0x01, 0x10, 0x10, 0x06, 0x50,
    0x0f, 0xfe, 0xc2, 0x80, 0x63, 0xe0, 0x0c, 0x40,
    0x1f, 0xfd, 0x8e, 0x00, 0xce, 0x60, 0x18, 0x40,
    0x3f, 0xfb, 0x02, 0x01, 0x84, 0x03, 0xff, 0xfe,
    0x01, 0xff, 0xc9, 0x30, 0x0c, 0x20, 0x1f, 0xfd,
    0x81, 0x00, 0xc3, 0xc0, 0x18, 0x80, 0x3f, 0xfb,
    0x1c, 0x01, 0x9c, 0x80, 0x32, 0x80, 0x7f, 0xf6,
    0x14, 0x03, 0x1b, 0x80, 0x6c, 0x00, 0xff, 0xec,
    0x18, 0x04, 0x40, 0x42, 0x01, 0x28, 0x07, 0xff,
    0x5d, 0x00, 0x32, 0x00, 0x10, 0x03, 0x28, 0x07,
    0xff, 0x5b, 0x80, 0x36, 0x00, 0x38, 0x03, 0x48,
    0x07, 0xff, 0x54, 0x94, 0x03, 0x28, 0x01, 0x08,
    0x02, 0x34, 0x00, 0xff, 0xea, 0x40, 0x06, 0x60,
    0x0d, 0x60, 0x1a, 0x40, 0x3f, 0xfa, 0x66, 0xa0,
    0x1a, 0xc0, 0x33, 0x10, 0x04, 0x52, 0x01, 0xff,
    0xd1, 0x1e, 0x00, 0xcc, 0x40, 0x1d, 0x20, 0x19,
    0x98, 0x01, 0xff, 0xd0, 0xa2, 0x00, 0x86, 0x00,
    0x3c, 0x8a, 0x01, 0xa5, 0x40, 0x3f, 0xf9, 0xd4,
    0x80, 0x1a, 0xc4, 0x03, 0xea, 0x20, 0x0d, 0x4e,
    0x01, 0xff, 0xcc, 0xb5, 0x00, 0xcc, 0xa0, 0x1f,
    0xde, 0x20, 0x1a, 0x2c, 0x40, 0x3f, 0xf9, 0x07,
    0xa8, 0x01, 0x92, 0x40, 0x3f, 0xc5, 0x82, 0x01,
    0x93, 0x9c, 0x03, 0xff, 0x8a, 0x53, 0x84, 0x01,
    0x92, 0xc0, 0x3f, 0xf8, 0x05, 0x84, 0x01, 0xd1,
    0xd0, 0x60, 0x1f, 0xfc, 0x04, 0xad, 0x60, 0x0e,
    0x5b, 0x00, 0xff, 0xe1, 0x16, 0xa8, 0x07, 0x0b,
    0xe7, 0x53, 0xaa, 0x19, 0x91, 0xa2, 0xfe, 0xd4,
    0x03, 0xd3, 0x40, 0x1f, 0xfc, 0x5a, 0xb2, 0x00,
    0xf0, 0xac, 0x55, 0xe6, 0x2e, 0x5d, 0x00, 0x3e,
    0x4d, 0x60, 0x0f, 0xfe, 0x3a, 0x6c, 0x88, 0x07,
    0xff, 0x20, 0xee, 0xc4, 0x01, 0xff, 0xca, 0x6e,
    0xb5, 0x00, 0xff, 0xe1, 0x8b, 0x66, 0x10, 0x03,
    0xff, 0x9c, 0x95, 0xf7, 0x0a, 0x62, 0x01, 0x84,
    0xda, 0x73, 0xa4, 0xc0, 0x3f, 0xf8, 0x40,

    /* U+0050 "P" */
    0xbf, 0xff, 0xfe, 0x37, 0x65, 0x42, 0x00, 0x7f,
    0xf4, 0xc4, 0xd5, 0xef, 0xed, 0x00, 0x3f, 0xfa,
    0xc9, 0x7a, 0x80, 0x1f, 0xfd, 0x62, 0xba, 0x00,
    0xff, 0xb7, 0xbb, 0xfe, 0xdd, 0x65, 0x39, 0x80,
    0x79, 0x74, 0x40, 0x3f, 0x88, 0x47, 0xfe, 0x22,
    0x1a, 0xc6, 0x74, 0x08, 0x06, 0x2c, 0x10, 0x0f,
    0xfe, 0x70, 0xbf, 0x30, 0x06, 0x2a, 0x00, 0xff,
    0xe8, 0xcc, 0x00, 0x64, 0x50, 0x0f, 0xfe, 0x8b,
    0xb8, 0x03, 0x58, 0x07, 0xff, 0x4a, 0x08, 0x02,
    0x15, 0x00, 0xff, 0xe9, 0x40, 0x06, 0xf0, 0x0f,
    0xfe, 0x92, 0x80, 0x64, 0x00, 0xff, 0xe9, 0xa0,
    0x04, 0x24, 0x01, 0xff, 0xd2, 0x30, 0x0c, 0xc0,
    0x1f, 0xfd, 0x2e, 0x00, 0xc2, 0x01, 0xff, 0xff,
    0x00, 0xff, 0xe7, 0xf0, 0x06, 0x10, 0x0f, 0xfe,
    0x91, 0x80, 0x66, 0x00, 0xff, 0xe9, 0x20, 0x04,
    0x24, 0x01, 0xff, 0xd1, 0x50, 0x0c, 0x80, 0x1f,
    0xfd, 0x28, 0x00, 0xde, 0x01, 0xff, 0xd1, 0x82,
    0x00, 0x89, 0x40, 0x3f, 0xfa, 0x0e, 0xe0, 0x0d,
    0x00, 0x1f, 0xfc, 0xf1, 0xa8, 0x00, 0xca, 0xa0,
    0x0f, 0xfe, 0x69, 0x47, 0xa8, 0x06, 0x3a, 0x00,
    0xfc, 0x64, 0x5f, 0xf1, 0x99, 0x1a, 0x77, 0x4e,
    0x20, 0x18, 0xf4, 0x03, 0xfb, 0x37, 0x7f, 0xec,
    0xc5, 0xcb, 0x10, 0x07, 0x9b, 0x04, 0x03, 0xff,
    0xa6, 0x77, 0x20, 0x1f, 0xfd, 0x35, 0xbc, 0x40,
    0x0f, 0xfe, 0x70, 0x9a, 0xbd, 0xfd, 0x20, 0x07,
    0xff, 0x0b, 0xff, 0xff, 0x85, 0xd9, 0x50, 0x80,
    0x1f, 0xff, 0xf0, 0x0f, 0xff, 0xf8, 0x07, 0xff,
    0xfc, 0x03, 0xff, 0xfe, 0x01, 0xff, 0xff, 0x00,
    0xff, 0xff, 0x80, 0x7f, 0xf4, 0x80,

    /* U+0051 "Q" */
    0x00, 0xff, 0xe2, 0xa3, 0xd6, 0x77, 0xfe, 0xec,
    0x96, 0x30, 0x0f, 0xfe, 0xaa, 0xdf, 0xdc, 0x29,
    0x88, 0x06, 0x13, 0x69, 0xce, 0x93, 0x00, 0xff,
    0xe8, 0x3f, 0x52, 0x00, 0x7f, 0xf0, 0xc5, 0xb3,
    0x08, 0x01, 0xff, 0xcc, 0x5e, 0x81, 0x00, 0xff,
    0xe4, 0x1d, 0xe1, 0x00, 0x7f, 0xf2, 0x6a, 0x82,
    0x01, 0xe1, 0x58, 0xab, 0xcc, 0x5c, 0xba, 0x00,
    0x7c, 0x7a, 0xe0, 0x1f, 0xfc, 0x62, 0xd5, 0x00,
    0xe1, 0x7c, 0xea, 0x75, 0x43, 0x32, 0x34, 0x5f,
    0xda, 0x80, 0x7a, 0x28, 0x03, 0xff, 0x88, 0x58,
    0x40, 0x18, 0x63, 0xa0, 0xc0, 0x3f, 0xf8, 0x09,
    0x5c, 0xc0, 0x1c, 0xb8, 0x01, 0xff, 0xc2, 0x2c,
    0x10, 0x0c, 0xbe, 0xe0, 0x1f, 0xfc, 0x51, 0x9c,
    0x20, 0x0c, 0x76, 0x01, 0xff, 0xc1, 0xf1, 0x00,
    0xd1, 0x42, 0x01, 0xff, 0xc8, 0x3d, 0x40, 0x0c,
    0x92, 0x01, 0xff, 0x51, 0x00, 0x6a, 0x70, 0x0f,
    0xfe, 0x65, 0xa8, 0x06, 0x65, 0x00, 0xfe, 0x45,
    0x00, 0xd2, 0xa0, 0x1f, 0xfc, 0xea, 0x40, 0x0d,
    0x42, 0x01, 0xfa, 0x40, 0x33, 0x30, 0x03, 0xff,
    0xa1, 0x64, 0x01, 0xa0, 0x03, 0xe6, 0x20, 0x08,
    0xa4, 0x03, 0xff, 0xa5, 0xc0, 0x19, 0x88, 0x03,
    0xd0, 0x01, 0xa4, 0x03, 0xff, 0xa6, 0x6c, 0x01,
    0xac, 0x03, 0x90, 0x40, 0x23, 0x40, 0x0f, 0xfe,
    0xa5, 0x80, 0x66, 0x00, 0xee, 0x00, 0xd2, 0x01,
    0xff, 0xd5, 0x25, 0x00, 0xca, 0x01, 0x90, 0x02,
    0x15, 0x00, 0xff, 0xeb, 0x70, 0x06, 0xf0, 0x08,
    0x84, 0x02, 0x40, 0x0f, 0xfe, 0xba, 0x00, 0x67,
    0x00, 0x9c, 0x03, 0x60, 0x07, 0xff, 0x60, 0xc0,
    0x22, 0x00, 0x88, 0x03, 0x28, 0x07, 0xff, 0x61,
    0x40, 0x31, 0x80, 0x38, 0x03, 0x10, 0x07, 0xff,
    0x63, 0x80, 0x33, 0x80, 0x0c, 0x03, 0x08, 0x07,
    0xff, 0x60, 0x40, 0x30, 0x80, 0x7f, 0xff, 0xc0,
    0x3f, 0xf9, 0xe6, 0x01, 0x84, 0x03, 0xff, 0xb0,
    0x20, 0x18, 0x40, 0x1c, 0x01, 0x88, 0x03, 0xff,
    0xb1, 0xc0, 0x19, 0xc0, 0x04, 0x01, 0x94, 0x03,
    0xff, 0xb0, 0xa0, 0x18, 0xc0, 0x0e, 0x01, 0xb0,
    0x03, 0xff, 0xb0, 0x60, 0x11, 0x00, 0x44, 0x20,
    0x12, 0x80, 0x7f, 0xf5, 0xd4, 0x03, 0x20, 0x06,
    0x40, 0x0c, 0xa0, 0x1f, 0xfd, 0x6e, 0x00, 0xd8,
    0x01, 0xb8, 0x03, 0x48, 0x07, 0xff, 0x54, 0x90,
    0x03, 0x28, 0x06, 0x42, 0x00, 0x8d, 0x40, 0x3f,
    0xfa, 0x90, 0x01, 0x98, 0x03, 0xd6, 0x01, 0xac,
    0x03, 0xff, 0xa6, 0x8a, 0x01, 0xac, 0x03, 0xcc,
    0x40, 0x10, 0xd0, 0x07, 0xff, 0x44, 0x68, 0x03,
    0x31, 0x00, 0x7d, 0x20, 0x19, 0x5c, 0x03, 0xff,
    0xa1, 0x42, 0x01, 0x0c, 0x00, 0x7e, 0x45, 0x00,
    0xd0, 0xc0, 0x1f, 0xfc, 0xea, 0x40, 0x0d, 0x62,
    0x01, 0xfd, 0x44, 0x01, 0xa5, 0xc0, 0x3f, 0xf9,
    0x63, 0x6a, 0x01, 0x99, 0x40, 0x3f, 0xef, 0x10,
    0x0d, 0x16, 0x20, 0x1f, 0xfc, 0x83, 0xc4, 0x00,
    0xc9, 0x20, 0x1f, 0xfc, 0x02, 0xc1, 0x00, 0xc9,
    0xce, 0x01, 0xff, 0xc5, 0x29, 0xc2, 0x00, 0xc9,
    0x60, 0x1f, 0xfc, 0x22, 0xc2, 0x00, 0xe8, 0xe8,
    0x30, 0x0f, 0xfe, 0x02, 0x56, 0xb0, 0x07, 0x2d,
    0x80, 0x7f, 0xf1, 0x0b, 0x54, 0x03, 0x85, 0xf3,
    0xa9, 0xd5, 0x0c, 0xc8, 0xd1, 0x7f, 0x6a, 0x01,
    0xe9, 0xa0, 0x0f, 0xfe, 0x3d, 0x59, 0x00, 0x78,
    0x56, 0x2a, 0xf3, 0x17, 0x2e, 0x80, 0x1f, 0x26,
    0xb0, 0x07, 0xff, 0x25, 0x36, 0x44, 0x03, 0xff,
    0x90, 0x77, 0x62, 0x00, 0xff, 0xe6, 0x37, 0x5a,
    0x80, 0x7f, 0xf0, 0xc5, 0xb3, 0x08, 0x01, 0xff,
    0xd0, 0x4a, 0xfb, 0x85, 0x31, 0x00, 0xfa, 0x33,
    0xa4, 0xc0, 0x3f, 0xfa, 0xa8, 0xf5, 0x9d, 0xf0,
    0x01, 0xd6, 0x60, 0x1f, 0xfc, 0x41, 0x00, 0xff,
    0xe6, 0xbc, 0x00, 0x63, 0xc1, 0x00, 0xff, 0xe1,
    0x4e, 0x80, 0x7f, 0xf3, 0x9e, 0x00, 0x31, 0xf9,
    0x80, 0x7f, 0xf0, 0x29, 0x8e, 0x40, 0x3f, 0xf9,
    0xcf, 0x20, 0x18, 0x72, 0x00, 0x3f, 0x8f, 0x54,
    0x00, 0xc6, 0x01, 0xff, 0xce, 0x6b, 0x00, 0xe7,
    0xf9, 0x41, 0x00, 0x13, 0x66, 0x08, 0x02, 0x63,
    0x00, 0xff, 0xe7, 0xa6, 0x98, 0x07, 0x35, 0xf7,
    0xfb, 0x64, 0xc0, 0x33, 0xc8, 0x07, 0xff, 0x44,
    0xb2, 0x00, 0x3f, 0xf8, 0x43, 0x50, 0x01, 0xff,
    0xd4, 0x7e, 0x71, 0x00, 0xfe, 0x17, 0xf5, 0x00,
    0xff, 0xeb, 0x0c, 0x76, 0x42, 0x99, 0xca, 0xf7,
    0xd0, 0x20, 0x18,

    /* U+0052 "R" */
    0xbf, 0xff, 0xfe, 0x37, 0x6d, 0x42, 0x00, 0x7f,
    0xf5, 0x04, 0x95, 0xef, 0xe9, 0x00, 0x3f, 0xfa,
    0xeb, 0x7a, 0x80, 0x1f, 0xfd, 0x72, 0xb9, 0x00,
    0xff, 0xe0, 0x6f, 0x77, 0xfd, 0xba, 0xca, 0x73,
    0x00, 0xf3, 0x60, 0x80, 0x7f, 0x88, 0x47, 0xfe,
    0x22, 0x1a, 0xc6, 0x74, 0x08, 0x06, 0x3c, 0x10,
    0x0f, 0xfe, 0x78, 0xbf, 0xb0, 0x06, 0x2a, 0x00,
    0xff, 0xe8, 0x8c, 0xc0, 0x06, 0x45, 0x00, 0xff,
    0xe9, 0x3b, 0x80, 0x34, 0x00, 0x7f, 0xf4, 0xe0,
    0x80, 0x22, 0x50, 0x0f, 0xfe, 0x9c, 0x00, 0x6f,
    0x00, 0xff, 0xe9, 0xa8, 0x06, 0x40, 0x0f, 0xfe,
    0xa2, 0x00, 0x42, 0x40, 0x1f, 0xfd, 0x33, 0x00,
    0xcc, 0x01, 0xff, 0xd3, 0xe0, 0x0c, 0x20, 0x1f,
    0xff, 0xf0, 0x0f, 0xfe, 0x97, 0x00, 0x61, 0x00,
    0xff, 0xe9, 0x90, 0x06, 0x60, 0x0f, 0xfe, 0x9a,
    0x00, 0x62, 0x00, 0xff, 0xe9, 0x28, 0x80, 0x4a,
    0x01, 0xff, 0xd3, 0x80, 0x0d, 0xe0, 0x1f, 0xfd,
    0x28, 0x20, 0x08, 0x94, 0x03, 0xff, 0xa2, 0xce,
    0x01, 0xa0, 0x03, 0xff, 0xa3, 0x32, 0x00, 0xc8,
    0xa0, 0x1f, 0xfc, 0xf6, 0xe6, 0x00, 0xc5, 0x40,
    0x1f, 0xc2, 0x01, 0xff, 0x08, 0x89, 0x1e, 0xfe,
    0x44, 0x03, 0x16, 0x08, 0x07, 0xf7, 0x7f, 0xff,
    0xdd, 0xcd, 0xb8, 0x40, 0x0f, 0x2e, 0x88, 0x07,
    0xff, 0x50, 0xae, 0x80, 0x3f, 0xfa, 0x89, 0x7a,
    0x80, 0x1f, 0xfc, 0xf1, 0x20, 0x0c, 0x48, 0x01,
    0xff, 0xc3, 0xff, 0xff, 0xe1, 0x76, 0x98, 0x04,
    0xca, 0x01, 0xff, 0xd3, 0xe0, 0x0d, 0x62, 0x01,
    0xff, 0xd2, 0x2a, 0x00, 0x87, 0x40, 0x3f, 0xfa,
    0x6a, 0xa0, 0x08, 0xe0, 0x03, 0xff, 0xa7, 0x44,
    0x01, 0x39, 0x80, 0x7f, 0xf4, 0xf8, 0x03, 0x68,
    0x80, 0x7f, 0xf4, 0x8e, 0x00, 0x21, 0xb0, 0x0f,
    0xfe, 0x9b, 0x98, 0x04, 0xac, 0x01, 0xff, 0xd3,
    0xd1, 0x00, 0xa4, 0x80, 0x3f, 0xfa, 0x43, 0x60,
    0x1b, 0x80, 0x3f, 0xfa, 0x6a, 0xc0, 0x11, 0xc0,
    0x07, 0xff, 0x4e, 0x48, 0x02, 0x74, 0x00, 0xff,
    0xe9, 0xf0, 0x06, 0xa1, 0x00, 0xff, 0xe9, 0x1c,
    0x00, 0x43, 0x40,

    /* U+0053 "S" */
    0x00, 0xff, 0x13, 0x4d, 0xef, 0x7f, 0xdd, 0xb7,
    0x0a, 0x20, 0x1f, 0xfc, 0x56, 0xdd, 0x4b, 0x21,
    0x08, 0x04, 0x24, 0x8f, 0x5d, 0xb0, 0x40, 0x1f,
    0xfc, 0x06, 0xe9, 0x20, 0x0f, 0xfe, 0x19, 0x3e,
    0xd9, 0x80, 0x7f, 0x5c, 0x88, 0x07, 0xff, 0x21,
    0x32, 0x84, 0x03, 0x87, 0x10, 0x03, 0x85, 0xab,
    0x3b, 0xfd, 0xdb, 0x72, 0xc4, 0x01, 0xe5, 0x50,
    0x07, 0x51, 0x80, 0x63, 0xbe, 0x95, 0x31, 0x00,
    0x09, 0x23, 0x4e, 0xea, 0x08, 0x02, 0x24, 0x00,
    0xcc, 0x80, 0x1a, 0x31, 0x00, 0x3f, 0xf8, 0x24,
    0xfb, 0x44, 0x16, 0x01, 0xd0, 0x01, 0xa5, 0xc0,
    0x3f, 0xf8, 0xcb, 0xb0, 0xc0, 0x19, 0x44, 0x02,
    0x46, 0x00, 0xff, 0xe4, 0xb8, 0x07, 0x60, 0x06,
    0x80, 0x0f, 0xfe, 0x82, 0x80, 0x42, 0x60, 0x1f,
    0xfd, 0x02, 0x00, 0x88, 0x03, 0xff, 0xe6, 0x60,
    0x11, 0x00, 0x7f, 0xf4, 0x58, 0x02, 0x13, 0x00,
    0xff, 0xe8, 0x60, 0x06, 0x80, 0x0f, 0xfe, 0x82,
    0x80, 0x64, 0x90, 0x0f, 0xfe, 0x79, 0x30, 0x06,
    0x6b, 0x20, 0x0f, 0xfe, 0x74, 0x90, 0x06, 0x4d,
    0xa3, 0x00, 0xff, 0xe6, 0xe1, 0x00, 0x72, 0xe7,
    0x4a, 0x00, 0x7f, 0xf2, 0x87, 0x54, 0x03, 0xc2,
    0xd7, 0xf9, 0x08, 0x01, 0xff, 0xc8, 0xab, 0x30,
    0x0f, 0xc6, 0xf7, 0xf9, 0x06, 0x01, 0xff, 0xc5,
    0x4c, 0xc2, 0x80, 0x7f, 0x8d, 0xf3, 0xa4, 0xc0,
    0x3f, 0xf8, 0x87, 0x5f, 0x6c, 0x40, 0x1f, 0xc2,
    0xd9, 0x84, 0x00, 0xff, 0xe2, 0xa4, 0xef, 0x53,
    0x10, 0x07, 0xe3, 0xbb, 0x10, 0x07, 0xff, 0x18,
    0x56, 0x77, 0xa9, 0x84, 0x03, 0xc9, 0x88, 0x01,
    0xff, 0xc9, 0x15, 0x9e, 0xb5, 0x00, 0xe1, 0xb3,
    0x00, 0xff, 0xe6, 0x25, 0x72, 0x80, 0x76, 0x80,
    0x7f, 0xf3, 0x86, 0xa4, 0x03, 0x0c, 0x00, 0x7f,
    0xf3, 0xda, 0x00, 0x33, 0x00, 0x7f, 0xf4, 0x1c,
    0x80, 0x21, 0x20, 0x0f, 0xfe, 0x82, 0x80, 0x66,
    0x00, 0xff, 0xe8, 0x68, 0x06, 0x10, 0x0f, 0xff,
    0x91, 0x00, 0x66, 0x01, 0x00, 0xff, 0xe7, 0x60,
    0x06, 0x30, 0x8c, 0x20, 0x0f, 0xfe, 0x59, 0xa0,
    0x04, 0x80, 0x4c, 0x7a, 0xc0, 0x1f, 0xfc, 0xae,
    0x00, 0xdc, 0x10, 0x01, 0x4e, 0xa8, 0x07, 0xff,
    0x18, 0xb0, 0x80, 0x23, 0x50, 0x0f, 0x15, 0x74,
    0x10, 0x07, 0xff, 0x04, 0x63, 0x4c, 0x03, 0x70,
    0x02, 0xa0, 0x03, 0x85, 0xf7, 0x52, 0xc8, 0x42,
    0x02, 0x23, 0x57, 0xbe, 0x70, 0x0e, 0xb2, 0x00,
    0x9f, 0x0c, 0x03, 0xc4, 0xd3, 0x7b, 0xdf, 0xdc,
    0xca, 0x84, 0x00, 0xe1, 0xc4, 0x00, 0xe3, 0xcb,
    0x40, 0x0f, 0xfe, 0x4b, 0x79, 0x80, 0x7e, 0x4b,
    0xd7, 0x20, 0x0f, 0xfe, 0x18, 0xb6, 0xc8, 0x80,
    0x7f, 0xc5, 0x1b, 0xd4, 0xe8, 0x42, 0x01, 0x84,
    0xd6, 0x33, 0xa4, 0x80, 0x3e,

    /* U+0054 "T" */
    0xcf, 0xff, 0xfe, 0xbb, 0x80, 0x7f, 0xff, 0xc0,
    0x3f, 0xfb, 0x1b, 0xdd, 0xff, 0xc3, 0x00, 0xc7,
    0xdd, 0xff, 0xc3, 0x71, 0x1f, 0xfe, 0x20, 0x06,
    0x71, 0x1f, 0xfe, 0x18, 0x07, 0xff, 0xfc, 0x03,
    0xff, 0xfe, 0x01, 0xff, 0xff, 0x00, 0xff, 0xff,
    0x80, 0x7f, 0xff, 0xc0, 0x3f, 0xff, 0xe0, 0x1f,
    0xff, 0xf0, 0x0f, 0xff, 0xf8, 0x07, 0xff, 0xfc,
    0x03, 0xff, 0xfe, 0x01, 0xff, 0xff, 0x00, 0xff,
    0xff, 0x80, 0x7f, 0xff, 0xc0, 0x3f, 0xff, 0xe0,
    0x1f, 0xff, 0xf0, 0x0f, 0xff, 0xf8, 0x07, 0xff,
    0xfc, 0x03, 0xff, 0xfe, 0x01, 0xff, 0xff, 0x00,
    0xff, 0xe3, 0x80,

    /* U+0055 "U" */
    0x1f, 0xfd, 0x40, 0x1f, 0xfc, 0xfe, 0xff, 0xac,
    0x03, 0xff, 0xfe, 0x01, 0xff, 0xff, 0x00, 0xff,
    0xff, 0x80, 0x7f, 0xff, 0xc0, 0x3f, 0xff, 0xe0,
    0x1f, 0xff, 0xf0, 0x0f, 0xff, 0xf8, 0x07, 0xff,
    0xfc, 0x03, 0xff, 0xfe, 0x01, 0xff, 0xff, 0x00,
    0xff, 0xff, 0x80, 0x7f, 0xff, 0xc0, 0x3f, 0xff,
    0xe0, 0x1f, 0xfc, 0x11, 0x00, 0xc2, 0x01, 0xff,
    0xcf, 0x10, 0x08, 0x40, 0x39, 0xc0, 0x3f, 0xfa,
    0x66, 0x04, 0x01, 0x10, 0x07, 0xff, 0x38, 0x80,
    0x37, 0x03, 0x00, 0x42, 0x20, 0x0f, 0xfe, 0x6b,
    0x80, 0x62, 0x03, 0x00, 0xc8, 0x01, 0xff, 0xcd,
    0xc0, 0x0c, 0xe1, 0x80, 0x1b, 0xc0, 0x3f, 0xf9,
    0xae, 0x01, 0x09, 0x02, 0x00, 0x65, 0x00, 0xff,
    0xe6, 0x20, 0x80, 0x48, 0x01, 0x28, 0x06, 0x70,
    0x0f, 0xfe, 0x5f, 0x80, 0x6f, 0x00, 0xb8, 0x03,
    0x40, 0x80, 0x7f, 0xf2, 0x51, 0x00, 0x10, 0xa8,
    0x04, 0x86, 0x01, 0xb4, 0x03, 0xff, 0x90, 0x54,
    0x01, 0xa0, 0x03, 0xbc, 0x03, 0x1d, 0x80, 0x7f,
    0xf1, 0x8b, 0xc4, 0x02, 0x26, 0x00, 0xe3, 0x70,
    0x0c, 0x9a, 0x60, 0x1f, 0xfc, 0x35, 0xc2, 0x00,
    0xdc, 0x01, 0xf4, 0x20, 0x06, 0x2c, 0xa3, 0x00,
    0xff, 0x93, 0x28, 0x40, 0x35, 0x18, 0x07, 0xeb,
    0x40, 0x0e, 0x5c, 0xea, 0x75, 0x43, 0x45, 0x7b,
    0xfb, 0x30, 0x0e, 0x95, 0x00, 0xff, 0x5b, 0x80,
    0x78, 0x56, 0x2a, 0xf2, 0xea, 0x10, 0x03, 0xc3,
    0x6c, 0x01, 0xff, 0xc0, 0x8c, 0x30, 0x0f, 0xfe,
    0x3b, 0x7a, 0x00, 0x7f, 0xf0, 0x8f, 0x2d, 0x00,
    0x3f, 0xf8, 0x42, 0xdb, 0x22, 0x01, 0xff, 0xc5,
    0x4b, 0xea, 0x74, 0x21, 0x00, 0x84, 0x96, 0x33,
    0xa4, 0x80, 0x3f, 0x80,

    /* U+0056 "V" */
    0x9f, 0xfd, 0x00, 0x1f, 0xfd, 0x57, 0xff, 0xcb,
    0x60, 0x19, 0x80, 0x3f, 0xfa, 0xb2, 0x01, 0x12,
    0x92, 0x00, 0x42, 0xc0, 0x1f, 0xfd, 0x35, 0x10,
    0x0a, 0x80, 0x1e, 0x01, 0xac, 0x03, 0xff, 0xa7,
    0x20, 0x19, 0xc0, 0x08, 0x40, 0x11, 0x20, 0x07,
    0xff, 0x44, 0xcc, 0x01, 0x38, 0x06, 0xb0, 0x0d,
    0xe0, 0x1f, 0xfd, 0x19, 0x00, 0xd4, 0x01, 0x98,
    0x40, 0x24, 0x20, 0x0f, 0xfe, 0x79, 0x28, 0x04,
    0xa4, 0x01, 0xcc, 0x01, 0xac, 0x03, 0xff, 0x9f,
    0x40, 0x1a, 0x40, 0x3d, 0x20, 0x19, 0x84, 0x03,
    0xff, 0x9c, 0xe0, 0x11, 0x98, 0x03, 0xc2, 0xc0,
    0x19, 0x80, 0x3f, 0xf9, 0xae, 0x01, 0xa4, 0x03,
    0xf5, 0x00, 0x69, 0x00, 0xff, 0xe6, 0xd0, 0x04,
    0x2a, 0x01, 0xf8, 0xd0, 0x02, 0x15, 0x00, 0xff,
    0xe5, 0xa9, 0x00, 0x52, 0x01, 0xfe, 0xf0, 0x0d,
    0x20, 0x1f, 0xfc, 0xb9, 0x00, 0xcc, 0x01, 0xfe,
    0x42, 0x00, 0x8c, 0xc0, 0x1f, 0xfc, 0x93, 0x30,
    0x04, 0xc2, 0x01, 0xff, 0x58, 0x06, 0x90, 0x0f,
    0xfe, 0x4c, 0x80, 0x6b, 0x00, 0xff, 0xe0, 0x30,
    0x80, 0x4a, 0x20, 0x1f, 0xfc, 0x71, 0x50, 0x09,
    0x08, 0x03, 0xff, 0x82, 0xc0, 0x1a, 0x40, 0x3f,
    0xf8, 0xf2, 0x01, 0xbc, 0x03, 0xff, 0x85, 0x20,
    0x19, 0x80, 0x3f, 0xf8, 0xec, 0x01, 0x12, 0x00,
    0x7f, 0xf0, 0x85, 0x40, 0x21, 0x60, 0x0f, 0xfe,
    0x2b, 0x08, 0x05, 0x60, 0x1f, 0xfc, 0x49, 0x00,
    0xd6, 0x01, 0xff, 0xc5, 0xb0, 0x08, 0x58, 0x03,
    0xff, 0x88, 0x66, 0x00, 0x89, 0x00, 0x3f, 0xf8,
    0x68, 0x40, 0x13, 0x00, 0x7f, 0xf1, 0xa4, 0x03,
    0x78, 0x07, 0xff, 0x0f, 0xc0, 0x34, 0x80, 0x7f,
    0xf1, 0x94, 0x40, 0x24, 0x20, 0x0f, 0xfe, 0x09,
    0x20, 0x04, 0xc2, 0x01, 0xff, 0xc7, 0x90, 0x0d,
    0x60, 0x1f, 0xfc, 0x1b, 0x00, 0xd4, 0x01, 0xff,
    0xc8, 0x70, 0x0c, 0xc2, 0x01, 0xff, 0x0b, 0x00,
    0x48, 0x60, 0x1f, 0xfc, 0x96, 0x00, 0xcc, 0x01,
    0xff, 0x30, 0x06, 0xf0, 0x0f, 0xfe, 0x55, 0x80,
    0x69, 0x00, 0xff, 0xa4, 0x02, 0x24, 0x00, 0xff,
    0xe5, 0x12, 0x00, 0x42, 0xa0, 0x1f, 0xcc, 0x20,
    0x15, 0x80, 0x7f, 0xf3, 0x20, 0x03, 0x48, 0x07,
    0xf5, 0x80, 0x42, 0xc0, 0x1f, 0xfc, 0xc3, 0x30,
    0x04, 0x66, 0x00, 0xf9, 0x08, 0x02, 0x60, 0x0f,
    0xfe, 0x74, 0x80, 0x69, 0x00, 0xfb, 0xc0, 0x34,
    0x80, 0x7f, 0xf3, 0x94, 0x40, 0x25, 0x20, 0x0e,
    0x24, 0x00, 0x94, 0x40, 0x3f, 0xf9, 0xf2, 0x01,
    0xa8, 0x03, 0xac, 0x03, 0x48, 0x07, 0xff, 0x41,
    0x80, 0x33, 0x80, 0x61, 0x60, 0x08, 0xcc, 0x01,
    0xff, 0xd0, 0x16, 0x00, 0xcc, 0x01, 0x30, 0x06,
    0x90, 0x0f, 0xfe, 0x95, 0x80, 0x6b, 0x00, 0xa4,
    0x02, 0x15, 0x00, 0xff, 0xe9, 0x12, 0x00, 0x44,
    0x80, 0xa2, 0x01, 0x48, 0x07, 0xff, 0x53, 0xc0,
    0x37, 0x84, 0x80, 0x67, 0x00, 0xff, 0xea, 0x21,
    0x00, 0x48, 0xc6, 0x01, 0x30, 0x07, 0xff, 0x5a,
    0xc0, 0x34, 0x80, 0x6b, 0x00, 0xff, 0xeb, 0x30,
    0x80, 0x7c, 0x84, 0x01, 0xff, 0xd7, 0x60, 0x0f,
    0xa0, 0x03, 0xff, 0xb1, 0x20, 0x1e, 0x33, 0x00,
    0x7f, 0xf6, 0x05, 0x40, 0x3a, 0x40, 0x3f, 0xfb,
    0x52, 0x01, 0x85, 0x40, 0x3f, 0xf8, 0xe0,

    /* U+0057 "W" */
    0x7f, 0xfc, 0xc0, 0x1f, 0xfc, 0xda, 0xff, 0xc2,
    0x01, 0xff, 0xcd, 0xef, 0xfa, 0x94, 0x03, 0x68,
    0x07, 0xff, 0x35, 0x40, 0x33, 0x80, 0x7f, 0xf3,
    0x10, 0x40, 0x2e, 0x23, 0x00, 0x90, 0x40, 0x3f,
    0xf9, 0x6a, 0x01, 0xda, 0x01, 0xff, 0xcc, 0xd0,
    0x08, 0x50, 0x2c, 0x03, 0x38, 0x07, 0xff, 0x2f,
    0xc0, 0x39, 0x04, 0x03, 0xff, 0x96, 0xe0, 0x12,
    0x00, 0x18, 0x03, 0x68, 0x07, 0xff, 0x2d, 0x40,
    0x3c, 0xe0, 0x1f, 0xfc, 0xa4, 0x10, 0x0b, 0x80,
    0x02, 0x60, 0x12, 0x08, 0x07, 0xff, 0x25, 0x40,
    0x3e, 0xa0, 0x0f, 0xfe, 0x56, 0x80, 0x42, 0x80,
    0x15, 0x80, 0x67, 0x00, 0xff, 0xe4, 0xf0, 0x07,
    0xc6, 0x20, 0x1f, 0xfc, 0x97, 0x00, 0x9c, 0x03,
    0x30, 0x06, 0xd0, 0x0f, 0xfe, 0x40, 0xa0, 0x05,
    0x00, 0x19, 0x80, 0x3f, 0xf9, 0x08, 0x20, 0x16,
    0x80, 0x61, 0x30, 0x09, 0x04, 0x03, 0xff, 0x8e,
    0xe0, 0x10, 0xb9, 0x80, 0x56, 0x01, 0xff, 0xc8,
    0xd0, 0x08, 0x50, 0x03, 0xac, 0x03, 0x38, 0x07,
    0xff, 0x1f, 0x40, 0x27, 0x0b, 0x00, 0x8c, 0x40,
    0x3f, 0xf8, 0xee, 0x01, 0x38, 0x07, 0x98, 0x03,
    0x68, 0x07, 0xff, 0x18, 0x50, 0x02, 0xd0, 0x60,
    0x0c, 0xc0, 0x1f, 0xfc, 0x64, 0x10, 0x0b, 0x40,
    0x3c, 0x26, 0x01, 0x20, 0x80, 0x7f, 0xf1, 0x5c,
    0x02, 0x14, 0x01, 0x30, 0x0a, 0xc0, 0x3f, 0xf8,
    0xdc, 0x01, 0x0a, 0x00, 0x7d, 0x40, 0x19, 0xc0,
    0x3f, 0xf8, 0xb4, 0x01, 0x38, 0x05, 0x40, 0x11,
    0x90, 0x07, 0xff, 0x15, 0x00, 0x27, 0x00, 0xfc,
    0xe0, 0x1b, 0x40, 0x3f, 0xf8, 0x82, 0x60, 0x15,
    0x00, 0x4e, 0x01, 0x94, 0x03, 0xff, 0x88, 0x82,
    0x01, 0x68, 0x07, 0xe1, 0x30, 0x09, 0x04, 0x03,
    0xff, 0x86, 0xc0, 0x10, 0x98, 0x04, 0x26, 0x01,
    0x50, 0x07, 0xff, 0x13, 0x80, 0x21, 0x40, 0x0f,
    0xea, 0x00, 0xce, 0x01, 0xff, 0xc3, 0xb0, 0x09,
    0x80, 0x3a, 0x80, 0x22, 0x20, 0x07, 0xff, 0x0d,
    0x40, 0x27, 0x00, 0xff, 0x38, 0x06, 0xd0, 0x0f,
    0xfe, 0x11, 0x18, 0x05, 0x60, 0x1c, 0xe0, 0x19,
    0x40, 0x3f, 0xf8, 0x48, 0x01, 0xb4, 0x03, 0xfc,
    0x26, 0x01, 0x20, 0x80, 0x7f, 0xf0, 0x54, 0x02,
    0x23, 0x00, 0xe1, 0x40, 0x0a, 0x80, 0x3f, 0xf8,
    0x5c, 0x01, 0x0a, 0x00, 0x7f, 0xd4, 0x01, 0x9c,
    0x03, 0xff, 0x83, 0x40, 0x12, 0x80, 0x7d, 0xa0,
    0x11, 0x10, 0x03, 0xff, 0x82, 0xa0, 0x13, 0x80,
    0x7f, 0xf0, 0x1c, 0x03, 0x68, 0x07, 0xff, 0x00,
    0x88, 0x01, 0x50, 0x07, 0xce, 0x01, 0xa8, 0x03,
    0xff, 0x80, 0xa0, 0x1b, 0x40, 0x3f, 0xf8, 0x02,
    0x60, 0x12, 0x08, 0x07, 0xfd, 0x40, 0x11, 0x10,
    0x03, 0xe1, 0x40, 0x09, 0x40, 0x3f, 0xf8, 0x1e,
    0x01, 0x0a, 0x00, 0x7f, 0xf0, 0x68, 0x03, 0x38,
    0x07, 0xfc, 0xa0, 0x15, 0x00, 0x7f, 0x70, 0x04,
    0x46, 0x01, 0xff, 0x28, 0x04, 0xe0, 0x1f, 0xfc,
    0x27, 0x00, 0xda, 0x01, 0xfe, 0x32, 0x00, 0x94,
    0x03, 0xf9, 0x40, 0x35, 0x80, 0x7f, 0x94, 0x03,
    0x68, 0x07, 0xff, 0x08, 0x50, 0x02, 0x41, 0x00,
    0xfe, 0xa0, 0x08, 0xc8, 0x03, 0xfc, 0xa0, 0x12,
    0x80, 0x7f, 0xbc, 0x02, 0x14, 0x00, 0xff, 0xe1,
    0xe8, 0x06, 0x70, 0x0f, 0xe7, 0x00, 0xac, 0x03,
    0xfe, 0xf0, 0x08, 0x8c, 0x03, 0xf9, 0x40, 0x27,
    0x00, 0xff, 0xe2, 0x38, 0x06, 0xd0, 0x0f, 0xc8,
    0x20, 0x13, 0x00, 0x7f, 0xca, 0x01, 0xac, 0x03,
    0xf2, 0x80, 0x6a, 0x00, 0xff, 0xe2, 0x0a, 0x00,
    0x48, 0x20, 0x1f, 0x68, 0x04, 0x62, 0x01, 0xff,
    0xc0, 0x50, 0x09, 0x80, 0x3f, 0x78, 0x04, 0x26,
    0x01, 0xff, 0xc5, 0xd0, 0x0c, 0xe0, 0x1f, 0x38,
    0x05, 0x40, 0x1f, 0xfc, 0x1e, 0x00, 0x84, 0xc0,
    0x3e, 0x50, 0x09, 0xc0, 0x3f, 0xf8, 0xce, 0x01,
    0xb4, 0x03, 0xc8, 0x20, 0x13, 0x80, 0x7f, 0xf0,
    0x50, 0x40, 0x2a, 0x00, 0xf2, 0x80, 0x6a, 0x00,
    0xff, 0xe3, 0x0a, 0x00, 0x48, 0x20, 0x1d, 0xc0,
    0x12, 0x08, 0x07, 0xff, 0x09, 0xc0, 0x27, 0x00,
    0xf7, 0x80, 0x42, 0x60, 0x1f, 0xfc, 0x7d, 0x00,
    0xce, 0x01, 0xca, 0x01, 0x68, 0x07, 0xff, 0x0f,
    0x40, 0x21, 0x40, 0x0e, 0x50, 0x09, 0xc0, 0x3f,
    0xf9, 0x0e, 0x01, 0xb4, 0x03, 0x28, 0x06, 0x70,
    0x0f, 0xfe, 0x1a, 0x08, 0x05, 0xa0, 0x19, 0x40,
    0x35, 0x00, 0x7f, 0xf2, 0x05, 0x00, 0x24, 0x10,
    0x0b, 0xc0, 0x24, 0x10, 0x0f, 0xfe, 0x23, 0x80,
    0x4e, 0x01, 0xb8, 0x02, 0x13, 0x00, 0xff, 0xe4,
    0xe8, 0x06, 0x70, 0x09, 0x40, 0x2e, 0x00, 0xff,
    0xe2, 0xd0, 0x04, 0x28, 0x01, 0x20, 0x04, 0xe0,
    0x1f, 0xfc, 0xa7, 0x00, 0xda, 0x00, 0x50, 0x0c,
    0xa0, 0x1f, 0xfc, 0x53, 0x10, 0x0b, 0x40, 0x0a,
    0x01, 0xa8, 0x03, 0xff, 0x94, 0x28, 0x01, 0x20,
    0x87, 0x00, 0x4a, 0x01, 0xff, 0xc7, 0x60, 0x09,
    0xc0, 0x1c, 0x01, 0x09, 0x80, 0x7f, 0xf2, 0xf4,
    0x03, 0x38, 0xa0, 0x05, 0xe0, 0x1f, 0xfc, 0x7b,
    0x00, 0x85, 0x05, 0x00, 0x26, 0x00, 0xff, 0xe6,
    0x38, 0x06, 0xa7, 0x00, 0xca, 0x01, 0xff, 0xc7,
    0x32, 0x00, 0xb9, 0xc0, 0x35, 0x80, 0x7f, 0xf3,
    0x05, 0x00, 0x23, 0xa0, 0x09, 0x40, 0x3f, 0xf9,
    0x2a, 0x01, 0x2e, 0x80, 0x42, 0x60, 0x1f, 0xfc,
    0xdd, 0x00, 0xc6, 0x01, 0x70, 0x07, 0xff, 0x26,
    0x80, 0x32, 0x00, 0x4c, 0x01, 0xff, 0xce, 0x70,
    0x0f, 0x85, 0x00, 0x3f, 0xf9, 0x24, 0x40, 0x0f,
    0xac, 0x03, 0xff, 0x9c, 0x28, 0x01, 0xe7, 0x00,
    0xff, 0xe5, 0xa8, 0x07, 0x88, 0xc0, 0x3f, 0xf9,
    0xfc, 0x01, 0xed, 0x00, 0xff, 0xe5, 0xd0, 0x07,
    0x94, 0x03, 0xff, 0xa0, 0xa0, 0x1c, 0x28, 0x01,
    0xff, 0xcb, 0x22, 0x00, 0x75, 0x80, 0x7f, 0xf4,
    0x50, 0x03, 0x38, 0x07, 0xff, 0x36, 0x80, 0x31,
    0x18, 0x07, 0xff, 0x08,

    /* U+0058 "X" */
    0x07, 0xff, 0xdc, 0x20, 0x1f, 0xfc, 0xdc, 0xff,
    0xca, 0x00, 0x74, 0x00, 0x86, 0x80, 0x3f, 0xf9,
    0x90, 0x60, 0x13, 0x28, 0x05, 0x42, 0x01, 0x23,
    0x80, 0x7f, 0xf2, 0x91, 0xc0, 0x22, 0x90, 0x0c,
    0x34, 0x01, 0xa0, 0xc0, 0x3f, 0xf9, 0x03, 0x40,
    0x1b, 0xc0, 0x3c, 0x8e, 0x01, 0xb8, 0x03, 0xff,
    0x91, 0x42, 0x01, 0x49, 0x00, 0x7d, 0x06, 0x01,
    0x15, 0x00, 0x7f, 0xf1, 0x9d, 0x00, 0x25, 0x60,
    0x0f, 0xee, 0x00, 0xca, 0xa0, 0x0f, 0xfe, 0x21,
    0xc0, 0x04, 0x56, 0x01, 0xfe, 0x2a, 0x00, 0xd4,
    0x40, 0x1f, 0xfc, 0x3e, 0x00, 0xdc, 0x20, 0x1f,
    0xf2, 0xa8, 0x03, 0x70, 0x07, 0xff, 0x0a, 0x88,
    0x02, 0x83, 0x00, 0xff, 0xe0, 0xd1, 0x00, 0x47,
    0x00, 0x1f, 0xfc, 0x06, 0x50, 0x09, 0x1c, 0x03,
    0xff, 0x87, 0xc0, 0x19, 0xd0, 0x03, 0xfc, 0x52,
    0x01, 0x0d, 0x00, 0x7f, 0xf1, 0x0e, 0x00, 0x35,
    0x08, 0x07, 0xf7, 0x80, 0x6a, 0x10, 0x0f, 0xfe,
    0x2b, 0xa0, 0x04, 0x34, 0x01, 0xfa, 0x48, 0x02,
    0x74, 0x00, 0xff, 0xe3, 0xd0, 0x80, 0x48, 0xe0,
    0x1e, 0x56, 0x00, 0x8e, 0x00, 0x3f, 0xf9, 0x03,
    0x40, 0x1a, 0x0c, 0x03, 0x0d, 0x80, 0x6e, 0x00,
    0xff, 0xe5, 0x23, 0x80, 0x6d, 0x10, 0x0b, 0x44,
    0x02, 0xa2, 0x00, 0xff, 0xe5, 0xc1, 0x80, 0x43,
    0x60, 0x08, 0x30, 0x09, 0x54, 0x01, 0xff, 0xcd,
    0xe0, 0x0c, 0xac, 0x8e, 0x01, 0x15, 0x00, 0x7f,
    0xf3, 0x8a, 0x80, 0x34, 0xd0, 0x06, 0xe0, 0x0f,
    0xfe, 0x82, 0xb0, 0x06, 0x10, 0x0a, 0x4c, 0x03,
    0xff, 0xa3, 0x24, 0x01, 0xe4, 0x60, 0x0f, 0xfe,
    0x9f, 0x00, 0x7a, 0x80, 0x3f, 0xfa, 0x8c, 0x01,
    0xe7, 0x00, 0xff, 0xe9, 0x95, 0x00, 0x7a, 0x48,
    0x03, 0xff, 0xa5, 0xc0, 0x1f, 0xbc, 0x03, 0xff,
    0xa3, 0x06, 0x01, 0x21, 0x00, 0x45, 0x20, 0x1f,
    0xfc, 0xf4, 0x70, 0x08, 0x6b, 0xc0, 0x33, 0x28,
    0x07, 0xff, 0x34, 0x68, 0x03, 0x50, 0x94, 0x80,
    0x6b, 0x20, 0x0f, 0xfe, 0x66, 0x88, 0x04, 0xe8,
    0x00, 0x65, 0x00, 0x87, 0x80, 0x3f, 0xf9, 0x70,
    0x60, 0x11, 0xc0, 0x06, 0xb1, 0x00, 0x8e, 0x00,
    0x3f, 0xf9, 0x28, 0xe0, 0x10, 0xf0, 0x07, 0x0e,
    0x80, 0x67, 0x40, 0x0f, 0xfe, 0x38, 0xd0, 0x06,
    0xb2, 0x00, 0xf1, 0xc0, 0x06, 0xa1, 0x00, 0xff,
    0xe3, 0x50, 0x80, 0x4c, 0xa0, 0x1f, 0x9d, 0x00,
    0x21, 0xa0, 0x0f, 0xfe, 0x2b, 0xa0, 0x04, 0x52,
    0x01, 0xfe, 0xa1, 0x00, 0x91, 0xc0, 0x3f, 0xf8,
    0x67, 0x00, 0x1b, 0xc0, 0x3f, 0xe1, 0xa0, 0x0d,
    0x06, 0x01, 0xff, 0xc2, 0xe0, 0x0d, 0x24, 0x01,
    0xff, 0xc0, 0x46, 0x00, 0xdc, 0x01, 0xff, 0xc1,
    0xa2, 0x00, 0x91, 0x80, 0x3f, 0xf8, 0x52, 0x60,
    0x11, 0x50, 0x07, 0xfc, 0xca, 0x01, 0x0d, 0x00,
    0x7f, 0xf1, 0x38, 0x03, 0x2b, 0x00, 0x7f, 0x14,
    0x80, 0x6a, 0x10, 0x0f, 0xfe, 0x21, 0x50, 0x06,
    0x92, 0x00, 0xfd, 0xe0, 0x19, 0xd0, 0x03, 0xff,
    0x8c, 0xaa, 0x00, 0xde, 0x01, 0xf4, 0x90, 0x04,
    0x70, 0x01, 0xff, 0xc8, 0xa2, 0x00, 0x8a, 0x40,
    0x39, 0x58, 0x03, 0x70, 0x07, 0xff, 0x2b, 0x80,
    0x33, 0x28, 0x04, 0x54, 0x01, 0xa8, 0x80, 0x3f,
    0xf9, 0x47, 0x00, 0x1a, 0xc8, 0x01, 0xc0, 0x19,
    0x94, 0x03, 0xff, 0x98, 0xe8, 0x01, 0x0f, 0x04,
    0x18, 0x04, 0x52, 0x01, 0xff, 0xce, 0xa1, 0x00,
    0x8e, 0x00,

    /* U+0059 "Y" */
    0xaf, 0xfc, 0xc0, 0x1f, 0xfd, 0x17, 0xff, 0xc9,
    0x60, 0x1a, 0x44, 0x03, 0xff, 0x9e, 0x30, 0x01,
    0x2a, 0x0c, 0x80, 0x6b, 0x00, 0xff, 0xe7, 0xd8,
    0x06, 0xb0, 0x03, 0x18, 0x04, 0xa8, 0x01, 0xff,
    0xcd, 0x45, 0x00, 0xa0, 0x40, 0x2f, 0x00, 0xd2,
    0x01, 0xff, 0xcd, 0x90, 0x08, 0x9c, 0x03, 0x1b,
    0x00, 0x44, 0xe0, 0x1f, 0xfc, 0xb8, 0x20, 0x0b,
    0x80, 0x3d, 0x02, 0x01, 0x40, 0x80, 0x7f, 0xf2,
    0x49, 0xc0, 0x26, 0x30, 0x0f, 0x0c, 0x00, 0x6a,
    0x00, 0xff, 0xe4, 0xc8, 0x04, 0x30, 0x01, 0xf9,
    0x8c, 0x02, 0x44, 0x00, 0x7f, 0xf1, 0xd5, 0x00,
    0x28, 0x10, 0x0f, 0xee, 0x00, 0xd2, 0x01, 0xff,
    0xc7, 0xb0, 0x08, 0xd8, 0x03, 0xfc, 0x4e, 0x01,
    0x14, 0x00, 0x7f, 0xf1, 0x60, 0x40, 0x2f, 0x00,
    0xff, 0xe0, 0x40, 0x80, 0x4e, 0x40, 0x1f, 0xfc,
    0x32, 0x70, 0x09, 0x8c, 0x03, 0xff, 0x83, 0x60,
    0x1a, 0x40, 0x3f, 0xf8, 0x7c, 0x01, 0x0c, 0x00,
    0x7f, 0xf0, 0x95, 0x00, 0x24, 0x50, 0x0f, 0xfe,
    0x0a, 0x98, 0x05, 0x62, 0x01, 0xff, 0xc3, 0x90,
    0x0d, 0x60, 0x1f, 0xfc, 0x01, 0xb0, 0x09, 0x14,
    0x03, 0xff, 0x88, 0x4e, 0x01, 0x0c, 0x00, 0x7f,
    0xd0, 0x20, 0x14, 0x80, 0x7f, 0xf1, 0xa0, 0x80,
    0x27, 0x20, 0x0f, 0xe3, 0x60, 0x09, 0xc8, 0x03,
    0xff, 0x8f, 0x20, 0x1b, 0x80, 0x3f, 0xbc, 0x02,
    0x18, 0x00, 0xff, 0xe4, 0x22, 0x80, 0x46, 0xc0,
    0x1f, 0x31, 0x80, 0x56, 0x01, 0xff, 0xca, 0xb0,
    0x0d, 0x02, 0x01, 0xc3, 0x00, 0x12, 0x28, 0x07,
    0xff, 0x28, 0x60, 0x02, 0x18, 0x00, 0xeb, 0x10,
    0x0a, 0x40, 0x3f, 0xf9, 0x8e, 0x40, 0x13, 0x18,
    0x04, 0x6a, 0x01, 0x39, 0x00, 0x7f, 0xf3, 0x64,
    0x03, 0x78, 0x05, 0xc0, 0x11, 0x40, 0x07, 0xff,
    0x39, 0x14, 0x02, 0x36, 0x07, 0x20, 0x0a, 0x40,
    0x3f, 0xfa, 0x16, 0x01, 0xa4, 0xe0, 0x02, 0x54,
    0x00, 0xff, 0xe8, 0x0c, 0x80, 0x6c, 0x00, 0xd6,
    0x01, 0xff, 0xd2, 0x63, 0x00, 0xfa, 0x04, 0x03,
    0xff, 0xa7, 0xe0, 0x1e, 0x27, 0x00, 0xff, 0xea,
    0x1b, 0x00, 0x77, 0x00, 0x7f, 0xf5, 0xa0, 0x03,
    0x21, 0x80, 0x7f, 0xf5, 0x84, 0x03, 0x08, 0x07,
    0xff, 0xfc, 0x03, 0xff, 0xfe, 0x01, 0xff, 0xff,
    0x00, 0xff, 0xff, 0x80, 0x7f, 0xff, 0xc0, 0x3f,
    0xff, 0xe0, 0x1f, 0xff, 0xf0, 0x0f, 0xff, 0xb8,

    /* U+005A "Z" */
    0x0a, 0xff, 0xff, 0xeb, 0x68, 0x07, 0xff, 0xfc,
    0x03, 0xff, 0xb4, 0xe0, 0x0b, 0xee, 0xff, 0xe8,
    0x18, 0x06, 0x2a, 0x00, 0x08, 0xff, 0xf4, 0x24,
    0xc0, 0x37, 0x80, 0x7f, 0xf4, 0x95, 0xc0, 0x35,
    0x10, 0x07, 0xff, 0x44, 0xa8, 0x03, 0x3a, 0x80,
    0x7f, 0xf4, 0xbc, 0x03, 0x24, 0x00, 0x7f, 0xf4,
    0xa8, 0x80, 0x21, 0xa0, 0x0f, 0xfe, 0x93, 0xa8,
    0x06, 0xd1, 0x00, 0xff, 0xe8, 0xa4, 0x00, 0x6a,
    0x30, 0x0f, 0xfe, 0x89, 0x50, 0x06, 0x65, 0x00,
    0xff, 0xe9, 0x78, 0x80, 0x47, 0x20, 0x1f, 0xfd,
    0x2a, 0x20, 0x08, 0x74, 0x03, 0xff, 0xa4, 0xca,
    0x01, 0xb4, 0x40, 0x3f, 0xfa, 0x27, 0x20, 0x1a,
    0x0c, 0x03, 0xff, 0xa2, 0x3a, 0x01, 0x95, 0xc0,
    0x3f, 0xfa, 0x5a, 0x20, 0x11, 0x50, 0x07, 0xff,
    0x4a, 0x4c, 0x02, 0x1f, 0x00, 0xff, 0xe9, 0x2b,
    0x00, 0x6a, 0x20, 0x0f, 0xfe, 0x89, 0xd0, 0x06,
    0x84, 0x00, 0xff, 0xe8, 0x8e, 0x80, 0x64, 0x70,
    0x0f, 0xfe, 0x95, 0x08, 0x04, 0x54, 0x01, 0xff,
    0xd2, 0x84, 0x00, 0xde, 0x20, 0x1f, 0xfd, 0x15,
    0x70, 0x0d, 0x44, 0x01, 0xff, 0xd1, 0x2a, 0x00,
    0xcc, 0xa0, 0x1f, 0xfd, 0x2f, 0x00, 0xc7, 0x20,
    0x1f, 0xfd, 0x2a, 0x20, 0x08, 0x74, 0x03, 0xff,
    0xa4, 0xea, 0x01, 0xb4, 0x40, 0x3f, 0xfa, 0x29,
    0x00, 0x1a, 0x4c, 0x03, 0xff, 0xa2, 0x54, 0x01,
    0x99, 0x80, 0x1f, 0xfd, 0x2f, 0x10, 0x08, 0xe4,
    0x03, 0xff, 0xa5, 0x44, 0x01, 0x0e, 0x80, 0x7f,
    0xf4, 0x99, 0x40, 0x35, 0x08, 0x07, 0xff, 0x44,
    0xe4, 0x03, 0x42, 0x00, 0x7f, 0xf4, 0x47, 0x40,
    0x32, 0xb8, 0x07, 0xff, 0x4b, 0x44, 0x02, 0x2a,
    0x00, 0xff, 0xe9, 0x49, 0x80, 0x6f, 0x00, 0xff,
    0xe9, 0x2b, 0x00, 0x6a, 0x20, 0x0f, 0xfe, 0x89,
    0xd0, 0x06, 0x54, 0x11, 0xff, 0xe8, 0x86, 0x80,
    0x72, 0xf7, 0x7f, 0xf4, 0x60, 0x84, 0x03, 0xff,
    0xfe, 0x01, 0xff, 0xd9,

    /* U+005B "[" */
    0xbf, 0xff, 0xf8, 0x03, 0xff, 0xa8, 0x67, 0xf0,
    0x07, 0x16, 0x67, 0xc0, 0x1f, 0xff, 0xf0, 0x0f,
    0xff, 0xf8, 0x07, 0xff, 0xfc, 0x03, 0xff, 0xfe,
    0x01, 0xff, 0xff, 0x00, 0xff, 0xff, 0x80, 0x7f,
    0xff, 0xc0, 0x3f, 0xff, 0xe0, 0x1f, 0xff, 0x82,
    0xcc, 0xf8, 0x03, 0xc6, 0x7f, 0x00, 0x7f, 0xf3,
    0xc0,

    /* U+005C "\\" */
    0x18, 0x89, 0xc0, 0x3f, 0xf9, 0x42, 0xce, 0xe8,
    0x40, 0x0f, 0xfe, 0x53, 0x00, 0x5a, 0x01, 0xff,
    0xca, 0xb0, 0x09, 0x80, 0x3f, 0xf9, 0x46, 0x40,
    0x12, 0x80, 0x7f, 0xf2, 0xa8, 0x02, 0xf0, 0x0f,
    0xfe, 0x52, 0x80, 0x4a, 0x01, 0xff, 0xca, 0x23,
    0x00, 0x94, 0x03, 0xff, 0x95, 0x60, 0x17, 0x00,
    0x7f, 0xf2, 0x98, 0x02, 0x41, 0x00, 0xff, 0xe4,
    0x8a, 0x00, 0x4e, 0x01, 0xff, 0xca, 0xd0, 0x0a,
    0x80, 0x3f, 0xf9, 0x4e, 0x01, 0x18, 0x80, 0x7f,
    0xf2, 0x45, 0x00, 0x26, 0x00, 0xff, 0xe5, 0x70,
    0x05, 0x60, 0x1f, 0xfc, 0xa5, 0x00, 0x8c, 0x80,
    0x3f, 0xf9, 0x4a, 0x01, 0x50, 0x07, 0xff, 0x2b,
    0x80, 0x25, 0x00, 0xff, 0xe5, 0x20, 0x80, 0x08,
    0xc0, 0x3f, 0xf9, 0x4e, 0x01, 0x58, 0x07, 0xff,
    0x2b, 0x40, 0x26, 0x00, 0xff, 0xe5, 0x20, 0x80,
    0x05, 0x00, 0x3f, 0xf9, 0x4c, 0x01, 0x68, 0x07,
    0xff, 0x2a, 0xc0, 0x27, 0x00, 0xff, 0xe5, 0x19,
    0x00, 0x05, 0x00, 0x3f, 0xf9, 0x4a, 0x01, 0x70,
    0x07, 0xff, 0x2a, 0x80, 0x25, 0x00, 0xff, 0xe5,
    0x11, 0x00, 0x25, 0x00, 0xff, 0xe5, 0x50, 0x05,
    0xc0, 0x1f, 0xfc, 0xa6, 0x00, 0x90, 0x40, 0x3f,
    0xf9, 0x22, 0x60, 0x13, 0x80, 0x7f, 0xf2, 0xa8,
    0x02, 0xd0, 0x0f, 0xfe, 0x53, 0x80, 0x48, 0x20,
    0x1f, 0xfc, 0x91, 0x40, 0x09, 0x80, 0x3f, 0xf9,
    0x5c, 0x01, 0x58, 0x07, 0xff, 0x29, 0x40, 0x23,
    0x20, 0x0f, 0xfe, 0x52, 0x80, 0x4a, 0x01, 0xff,
    0xca, 0xf0, 0x0a, 0x80, 0x3f, 0xf9, 0x4a, 0x01,
    0x11, 0x80, 0x7f, 0xf2, 0x94, 0x02, 0xb0, 0x0f,
    0xfe, 0x57, 0x00, 0x4c, 0x01, 0xff, 0xca, 0x41,
    0x00, 0x09, 0x80, 0x7f, 0xf2, 0x9c, 0x02, 0xa0,
    0x0f, 0xfe, 0x55, 0x00, 0x4e, 0x01, 0xff, 0xca,
    0x31, 0x00, 0x0a, 0x00, 0x7f, 0xf2, 0x98, 0x02,
    0xe0, 0x0f, 0xfe, 0x55, 0x00, 0x4a, 0x01, 0xff,
    0xca, 0x22, 0x00, 0x4a, 0x01, 0xff, 0xca, 0xa0,
    0x0b, 0xc0, 0x3f, 0xf9, 0x4a, 0x01, 0x28, 0x07,
    0xff, 0x28, 0x8c, 0x02, 0x60, 0x0f, 0xfe, 0x55,
    0x80, 0x5a, 0x01, 0xff, 0xca, 0x60, 0x09, 0x04,
    0x03, 0xff, 0x92, 0x28, 0x01, 0x38, 0x07, 0xff,
    0x2b, 0x40, 0x2a, 0x00, 0xff, 0xe5, 0x38, 0x04,
    0x64, 0x01, 0xff, 0xc9, 0x14, 0x00, 0x94, 0x03,
    0xff, 0x95, 0xc0, 0x15, 0x00, 0x7f, 0xf2, 0x94,
    0x02, 0x22, 0x00, 0x7f, 0xf2, 0x94, 0x02, 0xa0,
    0x0f, 0xfe, 0x57, 0x00, 0x4a, 0x00,

    /* U+005D "]" */
    0xaf, 0xff, 0xf8, 0x40, 0x3f, 0xf9, 0xc4, 0x67,
    0xe1, 0x00, 0xe8, 0xcc, 0xf4, 0x80, 0x7f, 0xff,
    0xc0, 0x3f, 0xff, 0xe0, 0x1f, 0xff, 0xf0, 0x0f,
    0xff, 0xf8, 0x07, 0xff, 0xfc, 0x03, 0xff, 0xfe,
    0x01, 0xff, 0xff, 0x00, 0xff, 0xff, 0x80, 0x7f,
    0xfe, 0x23, 0x33, 0xd2, 0x01, 0xc4, 0x67, 0xe1,
    0x00, 0xff, 0xe9, 0x80,

    /* U+005E "^" */
    0x00, 0xff, 0x92, 0x22, 0x40, 0x0f, 0xfe, 0x55,
    0x3b, 0xd2, 0x01, 0xff, 0xc9, 0x51, 0x00, 0x89,
    0x00, 0x3f, 0xf9, 0x12, 0x01, 0xdc, 0x01, 0xff,
    0xc7, 0x23, 0x00, 0x10, 0x01, 0x44, 0x03, 0xff,
    0x8d, 0x60, 0x01, 0xf0, 0x0a, 0x40, 0x3f, 0xf8,
    0xa2, 0xc0, 0x06, 0x25, 0x00, 0x30, 0x07, 0xff,
    0x15, 0x80, 0x2a, 0x0e, 0x00, 0x0a, 0x80, 0x7f,
    0xf1, 0x28, 0x00, 0x84, 0x08, 0x40, 0x09, 0x00,
    0xff, 0xe1, 0xa1, 0x00, 0x3c, 0x02, 0xa0, 0x01,
    0x98, 0x03, 0xff, 0x85, 0xe0, 0x01, 0x40, 0x09,
    0x80, 0x2a, 0x00, 0xff, 0xe0, 0x92, 0x00, 0x24,
    0x03, 0x0b, 0x00, 0x18, 0x40, 0x3f, 0xf8, 0x14,
    0x01, 0x30, 0x07, 0x50, 0x04, 0xc0, 0x1f, 0xfc,
    0x07, 0x00, 0x28, 0x80, 0x71, 0x98, 0x01, 0x40,
    0x1f, 0xf3, 0x00, 0x52, 0x01, 0xf5, 0x00, 0x09,
    0x00, 0x3f, 0xd6, 0x00, 0x23, 0x00, 0xf9, 0x84,
    0x01, 0xe0, 0x1f, 0xc8, 0x40, 0x0b, 0x00, 0xfe,
    0x60, 0x02, 0x10, 0x07, 0xee, 0x00, 0x98, 0x03,
    0xfa, 0x80, 0x2a, 0x00, 0xf8, 0x54, 0x00, 0xc0,
    0x1f, 0xe2, 0x40, 0x03, 0x80, 0x7d, 0x20, 0x15,
    0x80, 0x7f, 0xde, 0x01, 0x30, 0x07, 0x98, 0x00,
    0x64, 0x01, 0xff, 0x20, 0x80, 0x2c, 0x03, 0x94,
    0x40, 0x12, 0x01, 0xff, 0xc1, 0x90, 0x01, 0x18,
    0x06, 0x90, 0x00, 0xa8, 0x07, 0xff, 0x05, 0x80,
    0x29, 0x00, 0x8c, 0xc0, 0x06, 0x00, 0xff, 0xe1,
    0x0a, 0x80, 0x14, 0x40, 0x12, 0x01, 0x50, 0x07,
    0xff, 0x0f, 0x80, 0x26, 0x01, 0x50, 0x02, 0x10,
    0x07, 0xff, 0x0d, 0x08, 0x01, 0x20, 0xc0, 0x17,
    0x80, 0x7f, 0xf1, 0x6c, 0x00, 0x2a,

    /* U+005F "_" */
    0x11, 0xff, 0xea, 0x77, 0x7f, 0xf5, 0x00, 0x3f,
    0xfe, 0x80,

    /* U+0060 "`" */
    0x1b, 0xff, 0xdc, 0x60, 0x1f, 0x86, 0xdc, 0x02,
    0x1c, 0x40, 0x0f, 0xe8, 0xb0, 0x0d, 0x6a, 0x01,
    0xfc, 0x9a, 0x40, 0x15, 0x38, 0x07, 0xf1, 0x6b,
    0x00, 0x51, 0x00, 0x0f, 0xf4, 0xc8, 0x02, 0x79,
    0x00, 0xff, 0x36, 0x10, 0x01, 0xa8, 0x03, 0xfc,
    0x78, 0x80, 0x05, 0xc0,

    /* U+0061 "a" */
    0x00, 0xfc, 0x2b, 0x37, 0xbf, 0xfb, 0x6e, 0x10,
    0x03, 0xff, 0x82, 0x2d, 0x9d, 0x4c, 0x84, 0x01,
    0x89, 0x1e, 0xfe, 0x04, 0x03, 0xfa, 0x3a, 0x4c,
    0x03, 0xff, 0x84, 0xfe, 0xa0, 0x1e, 0x4e, 0x70,
    0x0f, 0xfe, 0x30, 0xd3, 0x80, 0x65, 0xb1, 0x00,
    0xe4, 0x8b, 0xef, 0xfb, 0xb2, 0x08, 0x03, 0xa1,
    0x40, 0x24, 0x10, 0x08, 0xa7, 0xad, 0xd0, 0x40,
    0x21, 0x37, 0xdb, 0x10, 0x0d, 0x62, 0x00, 0x1b,
    0x00, 0x4e, 0xb0, 0x80, 0x7f, 0xc9, 0xe4, 0x01,
    0x0c, 0x80, 0x4a, 0xfc, 0xc0, 0x1f, 0xfc, 0x31,
    0xf0, 0x0c, 0xc0, 0x1a, 0x04, 0x03, 0xff, 0x8a,
    0x4c, 0x01, 0x09, 0x80, 0x7f, 0xf2, 0xe8, 0x03,
    0x28, 0x07, 0xff, 0x2c, 0xc0, 0x37, 0x80, 0x7f,
    0xf3, 0x08, 0x02, 0x20, 0x0f, 0xfe, 0x60, 0x80,
    0x7f, 0xf5, 0x1c, 0x03, 0xf8, 0x4d, 0x54, 0xcd,
    0xff, 0x10, 0x07, 0xf9, 0x6b, 0xb9, 0x95, 0x49,
    0x9f, 0xf8, 0x40, 0x3f, 0x2e, 0xd2, 0x88, 0x07,
    0xff, 0x2e, 0x68, 0x80, 0x3f, 0xf9, 0xb2, 0xc0,
    0x18, 0xe3, 0x3b, 0xff, 0xff, 0x80, 0x60, 0x1c,
    0x8c, 0x01, 0x0d, 0xe3, 0x98, 0x80, 0x7f, 0xf1,
    0xa0, 0x03, 0x6a, 0x00, 0x7f, 0xf2, 0x44, 0xc0,
    0x26, 0x30, 0x0f, 0xfe, 0x52, 0x00, 0x6a, 0x00,
    0xff, 0xe5, 0x90, 0x06, 0x30, 0x0f, 0xfe, 0x30,
    0x80, 0x7f, 0xf3, 0xcc, 0x80, 0x30, 0x80, 0x62,
    0x00, 0xff, 0xe2, 0xf8, 0x07, 0x28, 0x06, 0xa0,
    0x0f, 0xfe, 0x23, 0x98, 0x07, 0x18, 0x80, 0x4e,
    0x40, 0x1f, 0xfc, 0x26, 0x80, 0x0f, 0xa4, 0x03,
    0x61, 0x00, 0x7f, 0xc3, 0x32, 0x00, 0x08, 0x07,
    0x39, 0x00, 0x43, 0xb2, 0x40, 0x1f, 0x14, 0x7b,
    0x00, 0x19, 0xc0, 0x3d, 0xe2, 0x01, 0x9b, 0x7a,
    0xea, 0x6a, 0xfb, 0x5c, 0x40, 0x0b, 0x20, 0x1f,
    0x17, 0x98, 0x07, 0x0a, 0x2b, 0x2a, 0x08, 0x06,
    0x8a, 0x00, 0xfe, 0x1c, 0xa2, 0x00, 0xff, 0xe0,
    0x2e, 0xb8, 0x07, 0xff, 0x01, 0x77, 0x1d, 0x08,
    0x02, 0x12, 0x59, 0xea, 0x20, 0x0f, 0xc0,

    /* U+0062 "b" */
    0xaf, 0xfb, 0x80, 0x3f, 0xff, 0xe0, 0x1f, 0xff,
    0xf0, 0x0f, 0xff, 0xf8, 0x07, 0xff, 0xfc, 0x03,
    0xff, 0xfe, 0x01, 0xff, 0xff, 0x00, 0xff, 0xf1,
    0x9b, 0xde, 0xff, 0xdd, 0x94, 0xc2, 0x01, 0xff,
    0xc9, 0x6d, 0xc8, 0x42, 0x00, 0x84, 0xd6, 0x7a,
    0xd0, 0x03, 0xff, 0x8a, 0x7b, 0x24, 0x01, 0xff,
    0xc0, 0x4b, 0xb1, 0x00, 0x7f, 0xf0, 0x9b, 0x08,
    0x03, 0xff, 0x88, 0x9a, 0xc0, 0x1f, 0xfc, 0x07,
    0x90, 0x0c, 0x4f, 0x7d, 0xff, 0x6d, 0x30, 0x07,
    0xa5, 0xc0, 0x3f, 0xcb, 0x00, 0x11, 0x5e, 0xc2,
    0x08, 0x04, 0x4b, 0x3f, 0x00, 0x1d, 0x0e, 0x01,
    0xf8, 0x68, 0x02, 0x7d, 0x40, 0x0f, 0xf9, 0xf8,
    0xc0, 0x34, 0x20, 0x07, 0xfd, 0x30, 0x01, 0xff,
    0xc2, 0x1c, 0x40, 0x0d, 0x40, 0x1f, 0xe7, 0x60,
    0x0f, 0xfe, 0x2d, 0x90, 0x04, 0x2e, 0x01, 0xf8,
    0xa0, 0x03, 0xff, 0x8f, 0xe0, 0x1a, 0x40, 0x3f,
    0x48, 0x07, 0xff, 0x20, 0x98, 0x02, 0x16, 0x00,
    0xf1, 0xa0, 0x07, 0xff, 0x26, 0x00, 0x36, 0x80,
    0x7a, 0xc0, 0x3f, 0xf9, 0x42, 0x80, 0x12, 0x00,
    0x79, 0x40, 0x3f, 0xf9, 0x78, 0x01, 0x88, 0x03,
    0x88, 0x03, 0xff, 0x96, 0x60, 0x19, 0x80, 0x30,
    0x80, 0x7f, 0xf3, 0x18, 0x03, 0x10, 0x06, 0x30,
    0x0f, 0xfe, 0x61, 0x80, 0x61, 0x00, 0xff, 0xed,
    0x98, 0x07, 0xff, 0x30, 0xc0, 0x30, 0x80, 0x61,
    0x00, 0xff, 0xe6, 0x30, 0x06, 0x20, 0x0e, 0x30,
    0x0f, 0xfe, 0x59, 0x80, 0x66, 0x00, 0xe4, 0x00,
    0xff, 0xe5, 0xd8, 0x06, 0x20, 0x0e, 0xa0, 0x0f,
    0xfe, 0x51, 0x18, 0x04, 0xa0, 0x1e, 0x24, 0x00,
    0xff, 0xe4, 0xd8, 0x06, 0xf0, 0x0f, 0xa4, 0x03,
    0xff, 0x90, 0x6c, 0x01, 0x0a, 0x80, 0x7c, 0x52,
    0x01, 0xff, 0xc6, 0x1e, 0x00, 0xd2, 0x01, 0xfc,
    0xd0, 0x01, 0xff, 0xc5, 0xd2, 0x00, 0x89, 0xc0,
    0x3c, 0x62, 0x00, 0x79, 0x00, 0xff, 0xe1, 0x16,
    0x98, 0x06, 0xe0, 0x0f, 0x9e, 0x80, 0x26, 0xe5,
    0x00, 0xff, 0x0c, 0x69, 0x00, 0x69, 0x30, 0x0f,
    0xc9, 0x00, 0x10, 0xd7, 0x4a, 0x90, 0x80, 0x9b,
    0x57, 0x38, 0x07, 0x4b, 0x00, 0x7f, 0x9e, 0x40,
    0x30, 0xb5, 0x6f, 0x7f, 0x64, 0xa8, 0x07, 0xa9,
    0x80, 0x3f, 0xf8, 0x0d, 0x84, 0x01, 0xff, 0xc4,
    0x4d, 0x50, 0x0f, 0xfe, 0x11, 0xec, 0x90, 0x07,
    0xff, 0x01, 0x32, 0xc8, 0x03, 0xff, 0x8a, 0xdb,
    0x90, 0x84, 0x01, 0x09, 0xb4, 0xf5, 0x98, 0x07,
    0xf0,

    /* U+0063 "c" */
    0x00, 0xff, 0xe0, 0x13, 0xd6, 0xf7, 0xfd, 0xd7,
    0x08, 0x01, 0xff, 0xc6, 0x6d, 0xd4, 0x29, 0x08,
    0x04, 0x28, 0xf7, 0xf2, 0x20, 0x1f, 0xfc, 0x15,
    0xe9, 0x20, 0x0f, 0xfe, 0x0b, 0x73, 0x80, 0x7f,
    0xd5, 0x41, 0x00, 0xff, 0xe2, 0xc6, 0x08, 0x07,
    0xc3, 0x8a, 0x01, 0xc7, 0x19, 0xdf, 0xf6, 0xca,
    0x80, 0x71, 0xe8, 0x07, 0x87, 0x0c, 0x03, 0x1e,
    0x61, 0xcc, 0x40, 0x22, 0x6a, 0xe6, 0x00, 0xc7,
    0x60, 0x1d, 0x44, 0x01, 0xa7, 0x0c, 0x03, 0xfc,
    0x33, 0x82, 0x01, 0x21, 0x80, 0x4c, 0x80, 0x1a,
    0xd8, 0x03, 0xff, 0x84, 0x78, 0x20, 0x36, 0x60,
    0x01, 0x90, 0x0d, 0x48, 0x01, 0xff, 0xc4, 0x2d,
    0x5f, 0x40, 0x0a, 0x40, 0x33, 0x28, 0x07, 0xff,
    0x18, 0xe8, 0x40, 0x33, 0x00, 0x68, 0x00, 0xff,
    0xe6, 0xa0, 0x80, 0x4e, 0x20, 0x1f, 0xfc, 0xdc,
    0x00, 0xd6, 0x01, 0xff, 0xce, 0x40, 0x08, 0x4c,
    0x03, 0xff, 0x9c, 0x40, 0x12, 0x80, 0x7f, 0xf3,
    0xc4, 0x02, 0x20, 0x0f, 0xfe, 0x98, 0x80, 0x7f,
    0xf4, 0xc4, 0x03, 0xff, 0xde, 0x20, 0x11, 0x00,
    0x7f, 0xf3, 0xd4, 0x02, 0x50, 0x0f, 0xfe, 0x79,
    0x80, 0x42, 0x60, 0x1f, 0xfc, 0xeb, 0x00, 0xd4,
    0x01, 0xff, 0xce, 0x31, 0x00, 0x98, 0x40, 0x3f,
    0xf9, 0xd2, 0x01, 0xac, 0x03, 0xff, 0x9c, 0xe2,
    0x01, 0x2a, 0x80, 0x3f, 0xf8, 0xc9, 0x42, 0x01,
    0xd6, 0x01, 0xa9, 0x40, 0x3f, 0xf8, 0x85, 0x4b,
    0xe8, 0x01, 0x95, 0x40, 0x1a, 0x9c, 0x03, 0xff,
    0x84, 0x98, 0x20, 0x36, 0x60, 0x1a, 0x8c, 0x03,
    0x46, 0x20, 0x07, 0xf8, 0xaa, 0xc4, 0x02, 0x53,
    0x00, 0xec, 0x30, 0x0c, 0x77, 0xb0, 0x84, 0x20,
    0x26, 0xf7, 0xaa, 0x01, 0x8e, 0x80, 0x3e, 0xc6,
    0x00, 0xe2, 0x7b, 0xde, 0xfe, 0xc8, 0x40, 0x0e,
    0x4c, 0x00, 0xfe, 0x9b, 0x20, 0x0f, 0xfe, 0x2c,
    0x58, 0x07, 0xfc, 0x9b, 0x26, 0x01, 0xff, 0xc0,
    0x17, 0xe7, 0x00, 0xff, 0xe1, 0x36, 0x6c, 0xa9,
    0x08, 0x04, 0x28, 0xf7, 0xd0, 0x20, 0x1c,

    /* U+0064 "d" */
    0x00, 0xff, 0xe9, 0x3f, 0xfe, 0x10, 0x0f, 0xff,
    0xf8, 0x07, 0xff, 0xfc, 0x03, 0xff, 0xfe, 0x01,
    0xff, 0xff, 0x00, 0xff, 0xff, 0x80, 0x7f, 0xff,
    0xc0, 0x3f, 0xfa, 0x49, 0x17, 0xbf, 0xf7, 0x64,
    0xa8, 0x07, 0xff, 0x28, 0x63, 0xad, 0xd0, 0x80,
    0x21, 0x36, 0xaf, 0x91, 0x00, 0xff, 0xe3, 0x47,
    0x38, 0x80, 0x7f, 0xf0, 0x1b, 0x9c, 0x03, 0xff,
    0x86, 0x5a, 0xe0, 0x1f, 0xfc, 0x58, 0xb0, 0x0f,
    0xfe, 0x09, 0xe1, 0x00, 0x71, 0xc6, 0x77, 0xfb,
    0xb2, 0x50, 0x03, 0x26, 0x00, 0x7f, 0xc5, 0xa2,
    0x01, 0x93, 0x30, 0xe6, 0x20, 0x01, 0x36, 0xbd,
    0x50, 0x08, 0xec, 0x03, 0xfd, 0xe2, 0x01, 0xa6,
    0xcc, 0x03, 0xfc, 0x55, 0x62, 0x00, 0x4a, 0x00,
    0xfd, 0x04, 0x01, 0xad, 0x80, 0x3f, 0xf8, 0x49,
    0x82, 0x00, 0x20, 0x0f, 0x89, 0xc0, 0x35, 0x20,
    0x07, 0xff, 0x10, 0xb0, 0x03, 0xfd, 0x60, 0x19,
    0x94, 0x03, 0xff, 0x8c, 0x50, 0x01, 0xfc, 0xc0,
    0x1a, 0x00, 0x3f, 0xf9, 0x0e, 0x40, 0x1f, 0x28,
    0x06, 0x71, 0x00, 0xff, 0xe4, 0xd8, 0x07, 0xd8,
    0x01, 0xac, 0x03, 0xff, 0x94, 0xe0, 0x1f, 0x28,
    0x04, 0x26, 0x01, 0xff, 0xca, 0x13, 0x00, 0xf1,
    0x00, 0x4a, 0x01, 0xff, 0xcc, 0x50, 0x0f, 0x08,
    0x04, 0x40, 0x1f, 0xfc, 0xce, 0x00, 0xff, 0x08,
    0x07, 0xff, 0x5c, 0x40, 0x3f, 0xfe, 0xe2, 0x01,
    0x28, 0x07, 0xff, 0x33, 0x80, 0x3c, 0x40, 0x11,
    0x80, 0x7f, 0xf3, 0x10, 0x03, 0xc8, 0x01, 0x8c,
    0x03, 0xff, 0x94, 0x24, 0x01, 0xec, 0x00, 0xd4,
    0x01, 0xff, 0xca, 0x60, 0x0f, 0x90, 0x40, 0x26,
    0x10, 0x0f, 0xfe, 0x4c, 0x80, 0x7e, 0x60, 0x0d,
    0x60, 0x1f, 0xfc, 0x87, 0x10, 0x0f, 0xd2, 0x01,
    0x95, 0x80, 0x3f, 0xf8, 0xc7, 0x00, 0x1f, 0xc3,
    0x00, 0x1a, 0x50, 0x03, 0xff, 0x88, 0x7a, 0x01,
    0xff, 0x39, 0x80, 0x6b, 0x70, 0x0f, 0xfe, 0x12,
    0xe0, 0x80, 0x10, 0x03, 0xfb, 0x44, 0x03, 0x46,
    0x18, 0x07, 0xf8, 0xae, 0x80, 0x25, 0xf0, 0x0f,
    0xe1, 0xc1, 0x00, 0xc7, 0x9b, 0x08, 0x42, 0x22,
    0x47, 0xcd, 0x40, 0x08, 0xe8, 0x03, 0xfe, 0x2f,
    0x30, 0x0e, 0x27, 0xbd, 0xee, 0x6d, 0xc1, 0x80,
    0x64, 0xc0, 0x0f, 0xfe, 0x08, 0xe4, 0x00, 0x7f,
    0xf1, 0x62, 0xc0, 0x3f, 0xf8, 0x8f, 0xce, 0x20,
    0x1f, 0xfc, 0x06, 0xe7, 0x00, 0xff, 0xe3, 0x0c,
    0x75, 0xba, 0x10, 0x04, 0x26, 0xd5, 0xf2, 0x20,
    0x1f, 0xe0,

    /* U+0065 "e" */
    0x00, 0xff, 0xe0, 0x2c, 0xe7, 0x7f, 0xdd, 0x70,
    0x80, 0x1f, 0xfc, 0x81, 0x9f, 0xa6, 0x31, 0x00,
    0x85, 0x1e, 0xfa, 0x04, 0x03, 0xff, 0x89, 0x1c,
    0xc0, 0x1f, 0xfc, 0x01, 0x7e, 0x60, 0x0f, 0xfe,
    0x08, 0xe3, 0x80, 0x7e, 0x10, 0x0f, 0xd3, 0x62,
    0x01, 0xfe, 0x2f, 0x30, 0x0c, 0x4f, 0x9f, 0xee,
    0xfe, 0xb7, 0x10, 0x0c, 0x9a, 0x20, 0x1f, 0x87,
    0x04, 0x02, 0x1a, 0xd8, 0x30, 0x0c, 0x29, 0x1d,
    0x20, 0x18, 0xf4, 0x03, 0xf6, 0x88, 0x04, 0x9c,
    0xa0, 0x1f, 0xf3, 0x69, 0x80, 0x47, 0x20, 0x1e,
    0x73, 0x00, 0x96, 0xc0, 0x3f, 0xf8, 0x45, 0x86,
    0x01, 0x31, 0x80, 0x61, 0x80, 0x08, 0xe8, 0x03,
    0xff, 0x8b, 0xa2, 0x01, 0x78, 0x06, 0x90, 0x0d,
    0xc0, 0x1f, 0xfc, 0x61, 0xb0, 0x08, 0xd0, 0x02,
    0x70, 0x09, 0x88, 0x03, 0xff, 0x8e, 0xa6, 0x01,
    0x70, 0x01, 0x00, 0x35, 0x00, 0x7f, 0xf2, 0x64,
    0x02, 0x50, 0x06, 0x80, 0x42, 0x60, 0x1f, 0xfc,
    0x94, 0x00, 0xc6, 0x0a, 0x01, 0x20, 0x07, 0xff,
    0x28, 0x48, 0x02, 0x50, 0x20, 0x08, 0xcf, 0xff,
    0x98, 0x20, 0x17, 0x80, 0x80, 0x4d, 0x99, 0xff,
    0xcb, 0x30, 0x08, 0xc0, 0x3f, 0xfa, 0xa2, 0x01,
    0xff, 0xd5, 0x10, 0x0e, 0x9f, 0xff, 0xfe, 0x7d,
    0x00, 0x80, 0x5c, 0x01, 0xff, 0xd1, 0x50, 0x08,
    0xc0, 0x3f, 0xfa, 0x26, 0x01, 0x20, 0x07, 0xff,
    0x46, 0xc0, 0x33, 0x00, 0x7f, 0xf4, 0x0c, 0x40,
    0x2b, 0x00, 0xff, 0xe8, 0xc8, 0x04, 0x4e, 0x01,
    0xff, 0xd0, 0x71, 0x00, 0xa1, 0x00, 0x3f, 0xf8,
    0xe2, 0x40, 0x1f, 0x58, 0x06, 0xb3, 0x00, 0xff,
    0xe2, 0x8e, 0x78, 0x80, 0x79, 0x54, 0x01, 0xb1,
    0xc0, 0x3f, 0xf8, 0x67, 0xe4, 0x4a, 0x00, 0xfa,
    0x8c, 0x03, 0x46, 0xa8, 0x07, 0xfc, 0x55, 0x82,
    0x00, 0x46, 0x00, 0xfb, 0x0c, 0x03, 0x15, 0x74,
    0xa9, 0x88, 0x09, 0x24, 0x66, 0xa8, 0x06, 0x56,
    0x00, 0xfd, 0x8c, 0x01, 0xc2, 0xd5, 0x9d, 0xfd,
    0xb6, 0xe6, 0x01, 0xcf, 0x40, 0x1f, 0xe9, 0xb2,
    0x00, 0xff, 0xe2, 0x96, 0x40, 0x07, 0xff, 0x01,
    0x36, 0x8c, 0x03, 0xff, 0x82, 0x75, 0xa6, 0x01,
    0xff, 0xc3, 0x5c, 0xe9, 0x63, 0x10, 0x08, 0x4d,
    0x67, 0x71, 0x40, 0x3e,

    /* U+0066 "f" */
    0x00, 0xff, 0x89, 0xef, 0xbf, 0xed, 0x94, 0x00,
    0xff, 0x86, 0x76, 0x10, 0x40, 0x22, 0x6b, 0xd4,
    0x00, 0xfc, 0x38, 0xc0, 0x1f, 0xe2, 0x90, 0x0f,
    0xd8, 0x40, 0x1c, 0x24, 0x20, 0x1a, 0xc0, 0x3e,
    0x82, 0x00, 0xd1, 0xdc, 0xde, 0xe5, 0x10, 0xb0,
    0x07, 0x85, 0xc0, 0x21, 0xd7, 0x10, 0x08, 0x57,
    0x74, 0x01, 0xf3, 0x80, 0x6b, 0x20, 0x0f, 0xc6,
    0x01, 0xf6, 0x00, 0x42, 0xa0, 0x1f, 0xfc, 0x56,
    0x00, 0x90, 0x03, 0xff, 0x8c, 0x20, 0x11, 0x00,
    0x7f, 0xf1, 0x8c, 0x03, 0xff, 0xfe, 0x01, 0xfe,
    0xef, 0xfe, 0x10, 0x09, 0xff, 0xff, 0xb8, 0x03,
    0xff, 0xc8, 0xa6, 0x7c, 0x01, 0x84, 0xcf, 0xf9,
    0x40, 0x17, 0x99, 0xc2, 0x01, 0x26, 0x67, 0xf5,
    0x80, 0x7f, 0xff, 0xc0, 0x3f, 0xff, 0xe0, 0x1f,
    0xff, 0xf0, 0x0f, 0xff, 0xf8, 0x07, 0xff, 0xfc,
    0x03, 0xff, 0xfe, 0x01, 0xff, 0xff, 0x00, 0xff,
    0xff, 0x80, 0x7f, 0xfe, 0x40,

    /* U+0067 "g" */
    0x00, 0xff, 0xe0, 0x24, 0x5e, 0xff, 0xdd, 0xb4,
    0xe4, 0x01, 0xf6, 0xff, 0xd0, 0x01, 0xfc, 0x53,
    0xf6, 0xe8, 0x40, 0x10, 0x92, 0xc6, 0xe2, 0x80,
    0x7f, 0xf1, 0x46, 0x75, 0x80, 0x3f, 0xf8, 0x27,
    0x5a, 0x60, 0x1f, 0xfc, 0x23, 0xf6, 0x00, 0xff,
    0xe2, 0x96, 0x38, 0x07, 0xff, 0x01, 0x70, 0x40,
    0x38, 0xe3, 0x3b, 0xfe, 0xdb, 0x71, 0x00, 0xd1,
    0x00, 0x0f, 0xf2, 0x50, 0x07, 0x2e, 0xe3, 0x98,
    0x80, 0x44, 0x91, 0xd4, 0x40, 0x13, 0xb0, 0x07,
    0xe2, 0xb0, 0x0c, 0x37, 0x44, 0x01, 0xff, 0x2e,
    0xb8, 0x05, 0x24, 0x01, 0xf7, 0x00, 0x62, 0xf4,
    0x00, 0xff, 0xe1, 0xc5, 0x00, 0x7f, 0x94, 0xc0,
    0x21, 0xf1, 0x00, 0xff, 0xe2, 0xac, 0x00, 0x7f,
    0x48, 0x06, 0xb2, 0x00, 0xff, 0xe3, 0xba, 0x00,
    0x7c, 0x66, 0x00, 0x8d, 0x40, 0x3f, 0xf9, 0x32,
    0x01, 0xf2, 0x00, 0x69, 0x00, 0xff, 0xe5, 0x12,
    0x00, 0x7b, 0x00, 0x32, 0x80, 0x7f, 0xf2, 0xf8,
    0x03, 0xca, 0x01, 0x18, 0x07, 0xff, 0x31, 0xc0,
    0x3c, 0x20, 0x13, 0x00, 0x7f, 0xf3, 0x08, 0x03,
    0xfc, 0x60, 0x1f, 0xfc, 0xd1, 0x00, 0xff, 0xf0,
    0x98, 0x07, 0xff, 0x34, 0x40, 0x38, 0x40, 0x26,
    0x00, 0xff, 0xe6, 0x10, 0x07, 0x94, 0x02, 0x30,
    0x0f, 0xfe, 0x62, 0x00, 0x7b, 0x00, 0x32, 0x80,
    0x7f, 0xf2, 0xf4, 0x03, 0xca, 0x01, 0xa4, 0x03,
    0xff, 0x94, 0x68, 0x01, 0xe2, 0x30, 0x08, 0xd8,
    0x03, 0xff, 0x93, 0xe0, 0x1f, 0xa0, 0x03, 0x49,
    0x00, 0x7f, 0xf1, 0xe0, 0xc0, 0x3f, 0x22, 0x00,
    0x36, 0x10, 0x07, 0xff, 0x15, 0xdc, 0x01, 0xfe,
    0xa1, 0x00, 0x87, 0x14, 0x03, 0xff, 0x87, 0x30,
    0x01, 0xff, 0x0e, 0x80, 0x61, 0xab, 0x30, 0x0f,
    0xf9, 0xb9, 0x80, 0x2a, 0x00, 0xfe, 0x3b, 0x00,
    0xe4, 0xcd, 0x84, 0x21, 0x01, 0x35, 0x9e, 0x91,
    0x00, 0xa5, 0x40, 0x3f, 0xc9, 0x84, 0x01, 0xc4,
    0xf7, 0xbd, 0xfd, 0x94, 0xc2, 0x01, 0xa9, 0x80,
    0x3f, 0xf8, 0x07, 0xae, 0x01, 0xff, 0xc5, 0x3d,
    0x50, 0x0f, 0x78, 0x07, 0xe8, 0xd6, 0x10, 0x0f,
    0xfe, 0x01, 0xd6, 0x10, 0x00, 0x40, 0x3f, 0xf8,
    0x45, 0x3d, 0x6e, 0x84, 0x01, 0x09, 0x2c, 0xee,
    0x28, 0x07, 0xf0, 0x80, 0x7f, 0xf0, 0x12, 0x2f,
    0x7f, 0xee, 0xda, 0x62, 0x00, 0xf1, 0x00, 0x63,
    0x00, 0xff, 0xe9, 0x30, 0x06, 0x60, 0x0f, 0xfe,
    0x96, 0x00, 0x63, 0x00, 0xff, 0xe9, 0x38, 0x04,
    0x60, 0x1f, 0xfd, 0x25, 0x10, 0x09, 0x00, 0x3c,
    0xa0, 0x1f, 0xfc, 0xb8, 0x00, 0xd4, 0x01, 0xcf,
    0x54, 0x10, 0x0f, 0xfe, 0x44, 0x90, 0x04, 0x84,
    0x01, 0x8a, 0x01, 0x7d, 0xc0, 0x3f, 0xf8, 0xd2,
    0xc0, 0x1a, 0x00, 0x3b, 0x80, 0x21, 0x8e, 0x82,
    0x00, 0xff, 0xe0, 0xae, 0xb0, 0x06, 0x73, 0x00,
    0xe8, 0x00, 0xe1, 0x7d, 0xd4, 0xb2, 0x10, 0x80,
    0x91, 0xb5, 0x75, 0x10, 0x06, 0x58, 0x00, 0xf2,
    0x6a, 0x00, 0x78, 0x9a, 0x6f, 0x7b, 0xfb, 0x72,
    0x54, 0x40, 0x39, 0xa8, 0x03, 0xf1, 0x5d, 0x8c,
    0x03, 0xff, 0x90, 0x35, 0x20, 0x1f, 0xf2, 0x66,
    0x1c, 0x80, 0x3f, 0xf8, 0x67, 0x3c, 0xa0, 0x1f,
    0xfc, 0x23, 0x8d, 0xd5, 0x3a, 0x10, 0x80, 0x62,
    0x46, 0x9e, 0xc6, 0x00, 0xfc,

    /* U+0068 "h" */
    0xaf, 0xfb, 0x80, 0x3f, 0xff, 0xe0, 0x1f, 0xff,
    0xf0, 0x0f, 0xff, 0xf8, 0x07, 0xff, 0xfc, 0x03,
    0xff, 0xfe, 0x01, 0xff, 0xff, 0x00, 0xe5, 0x9c,
    0xef, 0xfb, 0xb2, 0x10, 0x03, 0xff, 0x8c, 0x55,
    0xf4, 0xc6, 0x20, 0x10, 0x9b, 0xdf, 0x40, 0x07,
    0xff, 0x0e, 0x35, 0x40, 0x3f, 0xf8, 0x02, 0xfc,
    0x80, 0x1f, 0xf0, 0xe3, 0x80, 0x7f, 0xf1, 0x06,
    0xd8, 0x03, 0xfd, 0xa6, 0x01, 0x92, 0x6f, 0x7b,
    0x72, 0x54, 0x03, 0xd2, 0xa0, 0x1f, 0xa8, 0xc0,
    0x27, 0xeb, 0x64, 0x21, 0x23, 0x6a, 0xe6, 0x00,
    0xeb, 0x10, 0x0f, 0x0a, 0x80, 0x0b, 0x60, 0x40,
    0x3f, 0x86, 0x6c, 0x03, 0x0c, 0x00, 0x7f, 0x16,
    0x10, 0x07, 0xff, 0x05, 0x28, 0x03, 0x30, 0x80,
    0x7e, 0xf1, 0x00, 0xff, 0xe1, 0xaa, 0x80, 0x33,
    0x00, 0x7d, 0x04, 0x01, 0xff, 0xc5, 0x80, 0x0d,
    0x60, 0x1e, 0x17, 0x00, 0xff, 0xe3, 0x11, 0x00,
    0x23, 0x00, 0xf3, 0x80, 0x7f, 0xf2, 0x10, 0x03,
    0x10, 0x07, 0x68, 0x07, 0xff, 0x23, 0xc0, 0x30,
    0x80, 0x72, 0x80, 0x7f, 0xf2, 0x08, 0x03, 0x38,
    0x07, 0x08, 0x07, 0xff, 0x34, 0x40, 0x30, 0x80,
    0x7f, 0xf2, 0x5c, 0x03, 0xff, 0xfe, 0x01, 0xff,
    0xff, 0x00, 0xff, 0xff, 0x80, 0x7f, 0xff, 0xc0,
    0x3f, 0xff, 0xe0, 0x1f, 0xff, 0xf0, 0x0f, 0xff,
    0xf8, 0x07, 0xff, 0xb0,

    /* U+0069 "i" */
    0x04, 0xcf, 0xe7, 0x03, 0xb3, 0x01, 0x87, 0xa0,
    0x0e, 0x93, 0x00, 0xf6, 0x00, 0x72, 0x32, 0x80,
    0x45, 0x61, 0x57, 0x15, 0xa2, 0x00, 0x47, 0x50,
    0x0f, 0xff, 0x0d, 0x7f, 0xdc, 0x01, 0xff, 0xff,
    0x00, 0xff, 0xff, 0x80, 0x7f, 0xff, 0xc0, 0x3e,

    /* U+006A "j" */
    0x00, 0xff, 0xe0, 0x0d, 0x7f, 0xa8, 0x40, 0x3f,
    0xf8, 0x38, 0xa0, 0x05, 0xd0, 0x0f, 0xfe, 0x02,
    0x10, 0x06, 0x33, 0x00, 0x7f, 0xc2, 0x01, 0xff,
    0xc6, 0x40, 0x0f, 0x18, 0x07, 0xfc, 0x32, 0x01,
    0xa8, 0x03, 0xff, 0x82, 0xdb, 0x32, 0xd5, 0x00,
    0xff, 0xe1, 0x13, 0x30, 0x80, 0x3f, 0xff, 0xe0,
    0x1f, 0xfe, 0x95, 0xff, 0xc6, 0x01, 0xff, 0xff,
    0x00, 0xff, 0xff, 0x80, 0x7f, 0xff, 0xc0, 0x3f,
    0xff, 0xe0, 0x1f, 0xff, 0xf0, 0x0f, 0xff, 0xf8,
    0x07, 0xff, 0xfc, 0x03, 0xff, 0xfe, 0x01, 0xff,
    0xff, 0x00, 0xfc, 0x20, 0x1f, 0xfc, 0x12, 0x00,
    0xc6, 0x01, 0xff, 0xc1, 0xc0, 0x0c, 0x20, 0x1f,
    0xfc, 0x02, 0x40, 0x09, 0x00, 0x22, 0x20, 0x07,
    0xee, 0x00, 0xda, 0x01, 0x46, 0xca, 0x00, 0x65,
    0xd3, 0x00, 0x89, 0x80, 0x04, 0xa0, 0xd7, 0xfd,
    0xcf, 0xa2, 0x00, 0xd2, 0x01, 0x58, 0x07, 0x08,
    0x80, 0x3d, 0x28, 0x01, 0x42, 0x80, 0x7f, 0x8a,
    0xd8, 0x03, 0x0d, 0x6c, 0x20, 0x80, 0x44, 0xb5,
    0xa8, 0x01, 0xc0,

    /* U+006B "k" */
    0xaf, 0xfb, 0x80, 0x3f, 0xff, 0xe0, 0x1f, 0xff,
    0xf0, 0x0f, 0xff, 0xf8, 0x07, 0xff, 0xfc, 0x03,
    0xff, 0xfe, 0x01, 0xff, 0xff, 0x00, 0xff, 0xe2,
    0xcf, 0xfe, 0xe2, 0x00, 0xff, 0xe6, 0x53, 0x00,
    0x45, 0x84, 0x01, 0xff, 0xcb, 0xb5, 0x00, 0x8b,
    0x08, 0x03, 0xff, 0x94, 0x38, 0x80, 0x11, 0x60,
    0x80, 0x7f, 0xf2, 0x87, 0x0c, 0x02, 0x2c, 0x10,
    0x0f, 0xfe, 0x51, 0x61, 0x00, 0x47, 0x82, 0x01,
    0xff, 0xca, 0x2c, 0x20, 0x08, 0xf0, 0x40, 0x3f,
    0xf9, 0x47, 0x82, 0x01, 0x1e, 0x00, 0x7f, 0xf2,
    0xd3, 0x04, 0x02, 0x4c, 0x00, 0xff, 0xe5, 0xad,
    0x80, 0x64, 0xb0, 0x0f, 0xfe, 0x5b, 0x50, 0x06,
    0x4b, 0x00, 0xff, 0xe5, 0xc4, 0x80, 0x65, 0xb0,
    0x0f, 0xfe, 0x5c, 0xb8, 0x06, 0x5a, 0x00, 0xff,
    0xe5, 0xd3, 0x00, 0x66, 0xa0, 0x0f, 0xfe, 0x5d,
    0xa8, 0x07, 0x18, 0x07, 0xff, 0x28, 0x71, 0x00,
    0x3c, 0xae, 0x01, 0xff, 0xc8, 0x1c, 0x30, 0x0f,
    0xd0, 0x80, 0x1f, 0xfc, 0x62, 0xc2, 0x00, 0x87,
    0x14, 0x03, 0x50, 0x80, 0x7f, 0xf1, 0x07, 0x08,
    0x02, 0x1c, 0x3a, 0x20, 0x08, 0x74, 0x03, 0xff,
    0x8a, 0x20, 0x11, 0x61, 0x00, 0x3c, 0x03, 0x1c,
    0x80, 0x7f, 0xf1, 0xcb, 0x08, 0x02, 0x2a, 0x00,
    0xcc, 0xa0, 0x1f, 0xfc, 0x53, 0xc1, 0x00, 0xe5,
    0x70, 0x0d, 0x46, 0x01, 0xff, 0xc3, 0x4c, 0x10,
    0x0f, 0xa1, 0x00, 0x37, 0x08, 0x07, 0xff, 0x05,
    0x2c, 0x03, 0xfd, 0x44, 0x01, 0x15, 0x00, 0x7f,
    0xf0, 0x06, 0xc0, 0x3f, 0xe1, 0xf0, 0x0c, 0x90,
    0x01, 0xff, 0xcd, 0x2a, 0x00, 0xce, 0x80, 0x1f,
    0xfc, 0xd5, 0x70, 0x0d, 0x64, 0x01, 0xff, 0xcd,
    0x84, 0x00, 0xde, 0x01, 0xff, 0xce, 0xa1, 0x00,
    0x8a, 0x80, 0x3f, 0xf9, 0xa3, 0xa0, 0x19, 0x58,
    0x03, 0xff, 0x9a, 0x72, 0x01, 0xa4, 0xc0, 0x3f,
    0xf9, 0xac, 0xc0, 0x0d, 0xa2, 0x01, 0xff, 0xcd,
    0x93, 0x00, 0x87, 0x40, 0x3f, 0xf9, 0xda, 0x20,
    0x11, 0xc8,

    /* U+006C "l" */
    0xaf, 0xfb, 0x80, 0x3f, 0xff, 0xe0, 0x1f, 0xff,
    0xf0, 0x0f, 0xff, 0xf8, 0x07, 0xf8,

    /* U+006D "m" */
    0xaf, 0xfa, 0xc0, 0x3c, 0x2d, 0x5b, 0xdf, 0xf6,
    0xd3, 0x08, 0x07, 0xff, 0x04, 0x56, 0x73, 0xbf,
    0xee, 0xb8, 0x30, 0x0f, 0xfe, 0x29, 0xdf, 0x4a,
    0x90, 0x80, 0x44, 0xb3, 0xd4, 0x40, 0x1f, 0xc5,
    0x5d, 0x4c, 0x62, 0x01, 0x0a, 0x3e, 0x6b, 0x00,
    0x7f, 0xf0, 0xa7, 0x10, 0x03, 0xff, 0x80, 0xba,
    0xe0, 0x1f, 0x4e, 0xa8, 0x07, 0xff, 0x00, 0xa7,
    0x08, 0x03, 0xfc, 0x3a, 0xc0, 0x1f, 0xfc, 0x48,
    0x90, 0x0c, 0x3a, 0xc0, 0x1f, 0xfc, 0x43, 0xc2,
    0x00, 0xfc, 0x38, 0x40, 0x10, 0xb5, 0x66, 0xeb,
    0x29, 0xc4, 0x03, 0x9a, 0x00, 0x05, 0xe4, 0x01,
    0x8e, 0x2f, 0x7b, 0x72, 0x50, 0x03, 0x87, 0x04,
    0x03, 0xea, 0x20, 0x00, 0xcf, 0x4a, 0x99, 0x10,
    0xd6, 0x3a, 0x40, 0x39, 0xcc, 0x3c, 0x40, 0x25,
    0xdc, 0x74, 0x21, 0x23, 0x6b, 0xd4, 0x00, 0xc3,
    0x40, 0x1e, 0x44, 0x00, 0x13, 0xd8, 0x03, 0xfc,
    0xda, 0x20, 0x1b, 0xe4, 0x80, 0x29, 0xa2, 0x00,
    0xfe, 0x2b, 0x70, 0x0c, 0x88, 0x00, 0xfc, 0x96,
    0x20, 0x1f, 0xfc, 0x02, 0xc0, 0x0c, 0x6c, 0x01,
    0x53, 0x00, 0x7f, 0xf0, 0x61, 0x40, 0x37, 0x80,
    0x7c, 0x34, 0x01, 0xff, 0xc3, 0x27, 0x00, 0xf9,
    0xd4, 0x03, 0xff, 0x87, 0x60, 0x19, 0x04, 0x03,
    0xd0, 0x20, 0x1f, 0xfc, 0x49, 0x00, 0xf0, 0xc0,
    0x07, 0xff, 0x10, 0x5c, 0x03, 0x20, 0x07, 0x0b,
    0x00, 0x7f, 0xf1, 0x45, 0x00, 0x3a, 0x40, 0x3f,
    0xf8, 0xd6, 0x01, 0xb4, 0x03, 0x98, 0x03, 0xff,
    0x8f, 0x80, 0x1c, 0xc0, 0x1f, 0xfc, 0x63, 0x00,
    0xc6, 0x01, 0xd8, 0x01, 0xff, 0xc7, 0x30, 0x0c,
    0x42, 0x01, 0xff, 0xc7, 0x30, 0x09, 0xc0, 0x39,
    0x40, 0x3f, 0xf8, 0xec, 0x01, 0x9c, 0x03, 0xff,
    0x90, 0xe0, 0x10, 0x80, 0x70, 0x80, 0x7f, 0xf3,
    0x08, 0x03, 0xff, 0x90, 0x20, 0x11, 0x80, 0x61,
    0x00, 0xff, 0xe6, 0xf8, 0x07, 0xff, 0xac, 0x40,
    0x3f, 0xff, 0xe0, 0x1f, 0xff, 0xf0, 0x0f, 0xff,
    0xf8, 0x07, 0xff, 0xfc, 0x03, 0xff, 0xfe, 0x01,
    0xff, 0xff, 0x00, 0xff, 0xff, 0x80, 0x7f, 0xff,
    0xc0, 0x3f, 0xff, 0xe0, 0x1f, 0xff, 0xf0, 0x0f,
    0xff, 0xf8, 0x07, 0xff, 0xfc, 0x03, 0xff, 0xfe,
    0x00,

    /* U+006E "n" */
    0xaf, 0xfa, 0xc0, 0x3e, 0x59, 0xce, 0xff, 0xbb,
    0x21, 0x00, 0x3f, 0xf8, 0xc5, 0x5f, 0x4c, 0x62,
    0x01, 0x09, 0xbd, 0xf4, 0x00, 0x7f, 0xf0, 0xe3,
    0x54, 0x03, 0xff, 0x80, 0x2f, 0xc8, 0x01, 0xff,
    0x0e, 0x38, 0x07, 0xff, 0x10, 0x6d, 0x80, 0x3f,
    0xda, 0x60, 0x19, 0x26, 0xf7, 0xb7, 0x25, 0x40,
    0x3d, 0x2a, 0x01, 0xfa, 0x8c, 0x02, 0x7e, 0xb6,
    0x42, 0x12, 0x36, 0xae, 0x60, 0x0e, 0xb1, 0x00,
    0xf2, 0xa8, 0x00, 0x5b, 0x02, 0x01, 0xfc, 0x33,
    0x60, 0x18, 0x60, 0x03, 0xc2, 0x00, 0x2c, 0x20,
    0x0f, 0xfe, 0x0a, 0x50, 0x06, 0x61, 0x00, 0xfd,
    0xe2, 0x01, 0xff, 0xc3, 0x55, 0x00, 0x66, 0x00,
    0xfa, 0x08, 0x03, 0xff, 0x8b, 0x00, 0x1a, 0xc0,
    0x3c, 0x2e, 0x01, 0xff, 0xc6, 0x22, 0x00, 0x46,
    0x01, 0xe7, 0x00, 0xff, 0xe4, 0x20, 0x06, 0x20,
    0x0e, 0xd0, 0x0f, 0xfe, 0x47, 0x80, 0x61, 0x00,
    0xe5, 0x00, 0xff, 0xe4, 0x10, 0x06, 0x70, 0x0e,
    0x10, 0x0f, 0xfe, 0x68, 0x80, 0x61, 0x00, 0xff,
    0xe4, 0xb8, 0x07, 0xff, 0xfc, 0x03, 0xff, 0xfe,
    0x01, 0xff, 0xff, 0x00, 0xff, 0xff, 0x80, 0x7f,
    0xff, 0xc0, 0x3f, 0xff, 0xe0, 0x1f, 0xff, 0xf0,
    0x0f, 0xff, 0x60,

    /* U+006F "o" */
    0x00, 0xff, 0xe0, 0x1b, 0xde, 0xff, 0xed, 0xb8,
    0x40, 0x0f, 0xfe, 0x53, 0xee, 0x42, 0x10, 0x06,
    0x24, 0x7b, 0xe8, 0x10, 0x0f, 0xfe, 0x2b, 0x74,
    0x10, 0x07, 0xff, 0x00, 0x5f, 0x9c, 0x03, 0xff,
    0x84, 0x37, 0x22, 0x01, 0xff, 0xc5, 0x8c, 0x10,
    0x0f, 0xf8, 0x71, 0x00, 0x38, 0xe3, 0x3b, 0xfe,
    0xc9, 0x40, 0x0e, 0x3f, 0x30, 0x0f, 0xe1, 0xc2,
    0x00, 0xc9, 0x98, 0x73, 0x10, 0x08, 0xda, 0xf9,
    0x80, 0x30, 0xe9, 0x00, 0x7e, 0xa2, 0x00, 0xd3,
    0x66, 0x01, 0xfe, 0x19, 0xb1, 0x00, 0x87, 0xc0,
    0x3e, 0x64, 0x00, 0xd6, 0xc0, 0x1f, 0xfc, 0x24,
    0xc1, 0x00, 0x8a, 0x40, 0x38, 0x64, 0x03, 0x52,
    0x00, 0x7f, 0xf1, 0x0b, 0x00, 0x33, 0x10, 0x06,
    0x90, 0x0c, 0xca, 0x01, 0xff, 0xc6, 0x28, 0x00,
    0xd0, 0x01, 0x98, 0x03, 0x40, 0x07, 0xff, 0x21,
    0xc8, 0x02, 0x51, 0x00, 0x20, 0x80, 0x4e, 0x20,
    0x1f, 0xfc, 0x9b, 0x00, 0xce, 0x00, 0xc0, 0x0d,
    0x60, 0x1f, 0xfc, 0xa7, 0x00, 0xd8, 0x00, 0x40,
    0x08, 0x4c, 0x03, 0xff, 0x94, 0x26, 0x01, 0x20,
    0x00, 0x80, 0x25, 0x00, 0xff, 0xe6, 0x28, 0x04,
    0x20, 0x01, 0x00, 0x88, 0x03, 0xff, 0x99, 0xc0,
    0x18, 0x80, 0x38, 0x40, 0x3f, 0xfa, 0xe2, 0x01,
    0xff, 0xf7, 0x10, 0x09, 0x40, 0x3f, 0xf9, 0x9c,
    0x01, 0x88, 0x14, 0x02, 0x30, 0x0f, 0xfe, 0x62,
    0x00, 0x44, 0x00, 0x30, 0x0c, 0x60, 0x1f, 0xfc,
    0xa1, 0x20, 0x09, 0xc0, 0x16, 0x01, 0xa8, 0x03,
    0xff, 0x94, 0xc0, 0x1b, 0x00, 0x06, 0x20, 0x13,
    0x08, 0x07, 0xff, 0x26, 0x40, 0x33, 0x80, 0x52,
    0x01, 0xac, 0x03, 0xff, 0x90, 0xe2, 0x01, 0x30,
    0x80, 0x4e, 0x20, 0x12, 0xb0, 0x07, 0xff, 0x18,
    0xe0, 0x03, 0x58, 0x07, 0x58, 0x06, 0x94, 0x00,
    0xff, 0xe2, 0x16, 0x80, 0x67, 0x20, 0x0e, 0x55,
    0x00, 0x6b, 0x70, 0x0f, 0xfe, 0x12, 0x68, 0x80,
    0x47, 0x00, 0x1f, 0x51, 0x80, 0x68, 0xc3, 0x00,
    0xff, 0x15, 0x58, 0x06, 0x1d, 0x00, 0xfe, 0xd3,
    0x00, 0xc7, 0x9b, 0x08, 0x42, 0x02, 0x8f, 0x9a,
    0xa0, 0x18, 0xb0, 0x40, 0x3f, 0x87, 0x18, 0x03,
    0x89, 0xef, 0x7b, 0xfa, 0xe0, 0xc0, 0x39, 0x30,
    0x80, 0x3f, 0xf8, 0x13, 0x42, 0x01, 0xff, 0xc4,
    0x19, 0xb1, 0x00, 0xff, 0xe1, 0x2f, 0x49, 0x00,
    0x7f, 0xf0, 0x06, 0x3d, 0x80, 0x3f, 0xf8, 0xcd,
    0xba, 0x85, 0x20, 0x0c, 0x49, 0x19, 0xce, 0x20,
    0x1f, 0xc0,

    /* U+0070 "p" */
    0xaf, 0xfa, 0xc0, 0x3e, 0x38, 0xbd, 0xff, 0xbb,
    0x29, 0x84, 0x03, 0xff, 0x92, 0xdb, 0x8e, 0x84,
    0x01, 0x09, 0xac, 0xf5, 0xa0, 0x07, 0xff, 0x14,
    0xf6, 0x48, 0x03, 0xff, 0x80, 0x97, 0x62, 0x00,
    0xff, 0xe1, 0x3e, 0x10, 0x07, 0xff, 0x11, 0x35,
    0x40, 0x3f, 0xf8, 0x0f, 0x00, 0x18, 0x9e, 0xfb,
    0xfe, 0xda, 0x50, 0x0f, 0x53, 0x80, 0x7f, 0x96,
    0x00, 0x22, 0xad, 0x84, 0x10, 0x08, 0x96, 0xbe,
    0x00, 0x3a, 0x1c, 0x03, 0xf3, 0x50, 0x04, 0xda,
    0xa0, 0x1f, 0xf3, 0xe9, 0x00, 0x68, 0x30, 0x0f,
    0x88, 0x02, 0x89, 0x00, 0xff, 0xe1, 0x16, 0x98,
    0x06, 0xe0, 0x0f, 0xf3, 0x38, 0x07, 0xff, 0x17,
    0x48, 0x02, 0x27, 0x00, 0xfc, 0x52, 0x01, 0xff,
    0xc6, 0x1e, 0x00, 0xd2, 0x01, 0xfa, 0x40, 0x3f,
    0xf9, 0x06, 0xc0, 0x10, 0xa8, 0x07, 0x89, 0x00,
    0x3f, 0xf9, 0x36, 0x01, 0xb8, 0x03, 0xd4, 0x01,
    0xff, 0xca, 0x23, 0x00, 0x90, 0x03, 0xc8, 0x01,
    0xff, 0xcb, 0xb0, 0x0c, 0x40, 0x1c, 0x60, 0x1f,
    0xfc, 0xb3, 0x00, 0xcc, 0x01, 0x84, 0x03, 0xff,
    0x98, 0xc0, 0x18, 0x80, 0x31, 0x80, 0x7f, 0xf3,
    0x0c, 0x03, 0x08, 0x07, 0xff, 0x6c, 0xc0, 0x3f,
    0xf9, 0x86, 0x01, 0x84, 0x03, 0x08, 0x07, 0xff,
    0x31, 0x80, 0x31, 0x00, 0x71, 0x80, 0x7f, 0xf2,
    0xcc, 0x03, 0x30, 0x07, 0x20, 0x07, 0xff, 0x2e,
    0xc0, 0x31, 0x00, 0x75, 0x00, 0x7f, 0xf2, 0x88,
    0xc0, 0x24, 0x00, 0xf1, 0x20, 0x07, 0xff, 0x26,
    0xc0, 0x37, 0x00, 0x7d, 0x20, 0x1f, 0xfc, 0x83,
    0x60, 0x08, 0x54, 0x03, 0xe2, 0x90, 0x0f, 0xfe,
    0x30, 0xf0, 0x06, 0x90, 0x0f, 0xe6, 0x80, 0x0f,
    0xfe, 0x2e, 0x90, 0x04, 0x4e, 0x01, 0xe1, 0x10,
    0x01, 0xe4, 0x03, 0xff, 0x84, 0x5a, 0x60, 0x1b,
    0x80, 0x3f, 0x50, 0x04, 0xdc, 0xa0, 0x1f, 0xe1,
    0x8d, 0x20, 0x0d, 0x26, 0x01, 0xf9, 0x24, 0x02,
    0x1a, 0xe9, 0x52, 0x10, 0x13, 0x6a, 0xe7, 0x00,
    0xe9, 0x60, 0x0f, 0xf3, 0x50, 0x06, 0x16, 0xad,
    0xef, 0xec, 0x95, 0x00, 0xf5, 0x30, 0x07, 0xff,
    0x01, 0x74, 0xc0, 0x3f, 0xf8, 0x89, 0xaa, 0x01,
    0xff, 0xc2, 0x2c, 0xa2, 0x00, 0xff, 0xe0, 0x26,
    0x59, 0x00, 0x7f, 0xf1, 0x57, 0x72, 0x10, 0x80,
    0x21, 0x36, 0x9e, 0xb3, 0x00, 0xff, 0xe4, 0x9b,
    0xde, 0xff, 0xdd, 0x92, 0xc2, 0x01, 0xff, 0xff,
    0x00, 0xff, 0xff, 0x80, 0x7f, 0xff, 0xc0, 0x3f,
    0xff, 0xe0, 0x1f, 0xff, 0xf0, 0x0f, 0xfe, 0x48,

    /* U+0071 "q" */
    0x00, 0xff, 0xe0, 0x24, 0x5e, 0xff, 0xdd, 0x92,
    0xa0, 0x1f, 0x27, 0xfe, 0x10, 0x0f, 0xe1, 0x8e,
    0xb7, 0x42, 0x00, 0x84, 0xda, 0xbe, 0x48, 0x03,
    0xff, 0x8d, 0x1c, 0xe2, 0x01, 0xff, 0xc0, 0x6d,
    0x80, 0x0f, 0xfe, 0x19, 0x6b, 0x80, 0x7f, 0xf1,
    0x5f, 0x04, 0x03, 0xff, 0x80, 0x58, 0x40, 0x1c,
    0x71, 0x9d, 0xfe, 0xec, 0x94, 0x00, 0xc7, 0x82,
    0x01, 0xfe, 0x2c, 0x10, 0x0c, 0x79, 0x87, 0x31,
    0x00, 0x09, 0xb5, 0xea, 0x80, 0x45, 0x40, 0x1f,
    0xef, 0x10, 0x0d, 0x38, 0x60, 0x1f, 0xe2, 0xab,
    0x00, 0x92, 0x00, 0x3f, 0x41, 0x00, 0x6b, 0x60,
    0x0f, 0xfe, 0x12, 0x68, 0x80, 0x0c, 0x03, 0xe1,
    0x70, 0x0d, 0x48, 0x01, 0xff, 0xc4, 0x2d, 0x00,
    0xff, 0x40, 0x06, 0x55, 0x00, 0x7f, 0xf1, 0x8e,
    0x00, 0x3f, 0x98, 0x03, 0x58, 0x07, 0xff, 0x21,
    0xc8, 0x03, 0xe5, 0x00, 0xcc, 0x20, 0x1f, 0xfc,
    0x9b, 0x00, 0xfb, 0x00, 0x35, 0x00, 0x7f, 0xf2,
    0x9c, 0x03, 0xe5, 0x00, 0x84, 0xc0, 0x3f, 0xf9,
    0x42, 0x60, 0x1e, 0x20, 0x09, 0x40, 0x3f, 0xf9,
    0x8a, 0x01, 0xe1, 0x00, 0x88, 0x03, 0xff, 0x99,
    0xc0, 0x1f, 0xe1, 0x00, 0xff, 0xeb, 0x88, 0x07,
    0xff, 0xdc, 0x40, 0x25, 0x00, 0xff, 0xe6, 0x70,
    0x07, 0x88, 0x02, 0x30, 0x0f, 0xfe, 0x62, 0x00,
    0x79, 0x40, 0x31, 0x80, 0x7f, 0xf2, 0x84, 0x80,
    0x3d, 0xa0, 0x1a, 0x80, 0x3f, 0xf9, 0x4c, 0x01,
    0xf2, 0x00, 0x66, 0x10, 0x0f, 0xfe, 0x4c, 0x80,
    0x7e, 0x70, 0x0d, 0x60, 0x1f, 0xfc, 0x87, 0x10,
    0x0f, 0xd2, 0x01, 0x95, 0x80, 0x3f, 0xf8, 0xc7,
    0x00, 0x1f, 0xc3, 0x00, 0x1a, 0x50, 0x03, 0xff,
    0x88, 0x7a, 0x01, 0xff, 0x39, 0x80, 0x6b, 0x70,
    0x0f, 0xfe, 0x12, 0xe0, 0x80, 0x08, 0x03, 0xfb,
    0x44, 0x03, 0x46, 0x18, 0x07, 0xf8, 0xae, 0x80,
    0x25, 0xa0, 0x0f, 0xe1, 0xc1, 0x00, 0xc7, 0x9b,
    0x08, 0x42, 0x22, 0x47, 0xcd, 0x40, 0x09, 0x28,
    0x03, 0xfe, 0x2f, 0x30, 0x0e, 0x27, 0xbd, 0xee,
    0x6d, 0xc1, 0x80, 0x65, 0xb0, 0x0f, 0xfe, 0x08,
    0xe4, 0x00, 0x7f, 0xf1, 0x66, 0x80, 0x3f, 0xf8,
    0x8f, 0xce, 0x20, 0x1f, 0xfc, 0x07, 0xe6, 0x00,
    0xff, 0xe3, 0x0c, 0x75, 0xba, 0x10, 0x04, 0x26,
    0xd5, 0xf0, 0x20, 0x1f, 0xfc, 0xa4, 0x8b, 0xdf,
    0xfb, 0xb2, 0x54, 0x03, 0xff, 0xfe, 0x01, 0xff,
    0xff, 0x00, 0xff, 0xff, 0x80, 0x7f, 0xff, 0xc0,
    0x3f, 0xff, 0xe0, 0x1f, 0xfd, 0x60,

    /* U+0072 "r" */
    0xaf, 0xfa, 0xc0, 0x3c, 0x4d, 0x5b, 0xde, 0x60,
    0x1f, 0xc9, 0x9b, 0x2a, 0x42, 0x01, 0xfc, 0x35,
    0x66, 0x01, 0xff, 0xc1, 0x1c, 0x50, 0x0f, 0xfe,
    0x1e, 0x10, 0x06, 0x26, 0x89, 0x91, 0x00, 0x74,
    0x90, 0x04, 0xdb, 0xa9, 0x76, 0x60, 0x80, 0x66,
    0x60, 0x00, 0x72, 0x48, 0x03, 0xfc, 0x40, 0x01,
    0xc3, 0x00, 0xff, 0xe1, 0xe1, 0x00, 0x7f, 0xf0,
    0xdc, 0x80, 0x3f, 0xf8, 0x92, 0x01, 0xff, 0xc4,
    0x51, 0x00, 0xff, 0xe2, 0x78, 0x07, 0xff, 0x15,
    0xc0, 0x3f, 0xf8, 0xa4, 0x01, 0xff, 0xc4, 0x10,
    0x0f, 0xff, 0xf8, 0x07, 0xff, 0xfc, 0x03, 0xff,
    0xfe, 0x01, 0xff, 0xff, 0x00, 0xff, 0xec, 0x80,

    /* U+0073 "s" */
    0x00, 0xfe, 0x48, 0xbd, 0xff, 0xdd, 0x92, 0xc4,
    0x01, 0xff, 0xc1, 0x19, 0xfb, 0x74, 0x20, 0x0c,
    0x26, 0xd3, 0xbd, 0x26, 0x01, 0xfc, 0xdc, 0xc0,
    0x1f, 0xfc, 0x21, 0x6c, 0xb3, 0x00, 0xf4, 0xc8,
    0x03, 0xf8, 0x40, 0x3f, 0x93, 0x80, 0x39, 0xd8,
    0x03, 0x0b, 0xdf, 0x7f, 0xbb, 0xfb, 0x25, 0x44,
    0x03, 0x40, 0x06, 0x28, 0x00, 0xd1, 0xd0, 0x82,
    0x01, 0x84, 0xda, 0xba, 0x88, 0x0d, 0x40, 0x35,
    0x80, 0x69, 0x70, 0x0f, 0xfe, 0x0a, 0xec, 0xf8,
    0x07, 0x38, 0x04, 0x6c, 0x01, 0xff, 0xc4, 0x63,
    0x00, 0xc2, 0x20, 0x0a, 0xc0, 0x3f, 0xfa, 0x04,
    0x01, 0xff, 0xd0, 0x20, 0x0f, 0xfe, 0x58, 0x80,
    0x6a, 0x00, 0xff, 0xe6, 0x20, 0x04, 0x54, 0x01,
    0xff, 0xcb, 0xf0, 0x0c, 0xba, 0xa0, 0x1f, 0xfc,
    0x94, 0x60, 0x0c, 0x55, 0xf4, 0xc6, 0x01, 0xff,
    0xc6, 0x95, 0x00, 0xf2, 0xce, 0x7e, 0xd3, 0x98,
    0x07, 0xff, 0x0a, 0xa4, 0x40, 0x3f, 0x12, 0xc6,
    0x7e, 0x39, 0x00, 0x7f, 0xcd, 0xd2, 0x60, 0x1f,
    0xf1, 0xc6, 0xd9, 0x80, 0x7f, 0xcd, 0x9f, 0x70,
    0x82, 0x01, 0xfc, 0x99, 0x00, 0x1f, 0xfc, 0x14,
    0x7b, 0xef, 0xc9, 0x62, 0x00, 0xf3, 0xc8, 0x07,
    0xff, 0x14, 0xda, 0x77, 0xa0, 0x40, 0x33, 0x28,
    0x07, 0xff, 0x20, 0x5f, 0x94, 0x03, 0x48, 0x07,
    0xff, 0x2e, 0x8c, 0x02, 0x31, 0x00, 0xff, 0xe5,
    0xd0, 0x06, 0x20, 0x0f, 0xfe, 0x59, 0x00, 0x7f,
    0xf4, 0x08, 0x03, 0x08, 0x01, 0x4c, 0x03, 0xff,
    0x8f, 0xa0, 0x18, 0x80, 0x6f, 0x24, 0x40, 0x3f,
    0xf8, 0x8a, 0x80, 0x12, 0x00, 0x20, 0x41, 0xba,
    0x90, 0x03, 0xff, 0x82, 0xd4, 0x01, 0xbc, 0x09,
    0x80, 0x32, 0xdf, 0x53, 0x18, 0x80, 0x62, 0x48,
    0xe9, 0x00, 0xca, 0x80, 0x50, 0x01, 0xe1, 0x59,
    0xce, 0xff, 0xdb, 0x6e, 0x20, 0x19, 0x28, 0x02,
    0x7d, 0x50, 0x0f, 0xfe, 0x44, 0x58, 0x07, 0x15,
    0x74, 0x10, 0x07, 0xff, 0x08, 0x5b, 0x9c, 0x03,
    0xf0, 0xbe, 0xf5, 0x32, 0x10, 0x80, 0x42, 0x48,
    0xf7, 0xd2, 0x20, 0x1c,

    /* U+0074 "t" */
    0x00, 0xf3, 0xc4, 0x4a, 0x01, 0xff, 0xc7, 0x97,
    0x7b, 0xc0, 0x3f, 0xff, 0xe0, 0x1f, 0xff, 0xf0,
    0x0f, 0xbb, 0xff, 0x84, 0x02, 0x5f, 0xff, 0xee,
    0x00, 0xff, 0xf3, 0xa9, 0x9f, 0x00, 0x61, 0x33,
    0xfe, 0x50, 0x0a, 0xf3, 0x38, 0x40, 0x24, 0xcc,
    0xfe, 0xb0, 0x0f, 0xff, 0xf8, 0x07, 0xff, 0xfc,
    0x03, 0xff, 0xfe, 0x01, 0xff, 0xff, 0x00, 0xff,
    0xff, 0x80, 0x7f, 0xff, 0xc0, 0x3f, 0xfb, 0x66,
    0x01, 0x30, 0x07, 0xff, 0x1d, 0x80, 0x23, 0x00,
    0xff, 0xe3, 0xe0, 0x06, 0x70, 0x0f, 0xfe, 0x32,
    0x80, 0x68, 0x30, 0x0f, 0xca, 0x01, 0xf8, 0x90,
    0x03, 0x64, 0x10, 0x04, 0x4f, 0xd4, 0x20, 0x1f,
    0xa4, 0x03, 0x9f, 0x7f, 0xbf, 0x60, 0x42, 0x40,
    0x3f, 0x15, 0x80, 0x7c, 0x20, 0x1c, 0xc0, 0x1f,
    0xc9, 0xa6, 0x01, 0xfe, 0x4c, 0x00, 0xff, 0x16,
    0x61, 0x8c, 0x40, 0x02, 0x8f, 0xb6, 0x40,

    /* U+0075 "u" */
    0xff, 0xd2, 0x01, 0xff, 0xc9, 0xef, 0xfa, 0x80,
    0x3f, 0xff, 0xe0, 0x1f, 0xff, 0xf0, 0x0f, 0xff,
    0xf8, 0x07, 0xff, 0xfc, 0x03, 0xff, 0xfe, 0x01,
    0xff, 0xff, 0x00, 0xff, 0xff, 0x80, 0x7f, 0xfb,
    0xc4, 0x03, 0xff, 0xa2, 0x20, 0x1c, 0x20, 0x11,
    0x00, 0x7f, 0xf2, 0x14, 0x03, 0x88, 0x02, 0x50,
    0x0f, 0xfe, 0x46, 0x00, 0x73, 0x00, 0x42, 0x40,
    0x1f, 0xfc, 0x76, 0x00, 0xec, 0x00, 0xd4, 0x01,
    0xff, 0xc6, 0x61, 0x00, 0xe7, 0x00, 0xcc, 0x20,
    0x1f, 0xfc, 0x41, 0x80, 0x0f, 0x0a, 0x00, 0x43,
    0x60, 0x1f, 0xfc, 0x4d, 0x10, 0x0f, 0xbc, 0x03,
    0x2c, 0x80, 0x7f, 0xf0, 0x47, 0x0c, 0x00, 0x20,
    0x1c, 0x8a, 0x01, 0x9b, 0x0c, 0x03, 0xfc, 0xde,
    0x60, 0x05, 0x50, 0x07, 0xac, 0x80, 0x31, 0xe6,
    0x1d, 0x08, 0x48, 0xda, 0x7a, 0x44, 0x00, 0x56,
    0x01, 0xf0, 0xe1, 0x00, 0x71, 0xc5, 0xef, 0x6e,
    0x4b, 0x08, 0x04, 0x58, 0x20, 0x1f, 0x87, 0x14,
    0x03, 0xff, 0x88, 0xda, 0x20, 0x1f, 0xe1, 0xab,
    0x40, 0x0f, 0xfe, 0x02, 0x64, 0x80, 0x7f, 0xf0,
    0x92, 0xfa, 0x54, 0x84, 0x02, 0x25, 0x8d, 0xb3,
    0x00, 0xfe,

    /* U+0076 "v" */
    0xbf, 0xfc, 0x01, 0xff, 0xcc, 0x1f, 0xfc, 0xde,
    0x01, 0x9c, 0x03, 0xff, 0x97, 0x20, 0x10, 0xb2,
    0x10, 0x05, 0x40, 0x1f, 0xfc, 0xb6, 0x00, 0x98,
    0x01, 0x60, 0x11, 0x28, 0x07, 0xff, 0x25, 0x84,
    0x02, 0x90, 0x03, 0x08, 0x05, 0x20, 0x1f, 0xfc,
    0x9b, 0x00, 0x94, 0x40, 0x26, 0x00, 0x8c, 0xc0,
    0x1f, 0xfc, 0x74, 0x20, 0x0a, 0x40, 0x34, 0x80,
    0x6a, 0x00, 0xff, 0xe3, 0xf8, 0x04, 0x66, 0x00,
    0xc2, 0xa0, 0x13, 0x08, 0x07, 0xff, 0x14, 0x90,
    0x02, 0x90, 0x0f, 0x48, 0x06, 0x60, 0x0f, 0xfe,
    0x2d, 0x80, 0x44, 0xa0, 0x1e, 0x33, 0x00, 0x52,
    0x01, 0xff, 0xc4, 0x16, 0x00, 0xa8, 0x03, 0xf4,
    0x80, 0x42, 0xa0, 0x1f, 0xfc, 0x36, 0x00, 0xce,
    0x01, 0xf9, 0x44, 0x02, 0x90, 0x0f, 0xfe, 0x1c,
    0x80, 0x4e, 0x01, 0xfe, 0x90, 0x08, 0xcc, 0x01,
    0xff, 0xc1, 0x51, 0x00, 0xa8, 0x03, 0xfc, 0xc0,
    0x1a, 0x40, 0x3f, 0xf8, 0x32, 0x01, 0x29, 0x00,
    0x7f, 0x85, 0x80, 0x25, 0x10, 0x0f, 0xf8, 0xcc,
    0x01, 0x48, 0x07, 0xff, 0x02, 0xc0, 0x34, 0x80,
    0x7f, 0xd0, 0x01, 0x19, 0x80, 0x3f, 0xf8, 0x04,
    0x80, 0x13, 0x00, 0x7f, 0x89, 0x00, 0x29, 0x00,
    0xff, 0xe1, 0x78, 0x04, 0x2c, 0x01, 0xfd, 0x60,
    0x10, 0xa8, 0x07, 0xff, 0x09, 0x08, 0x02, 0xb0,
    0x0f, 0xe6, 0x00, 0xa4, 0x03, 0xff, 0x89, 0x60,
    0x11, 0x20, 0x07, 0xce, 0x01, 0x98, 0x03, 0xff,
    0x88, 0xc2, 0x01, 0x78, 0x07, 0xd2, 0x01, 0x30,
    0x80, 0x7f, 0xf1, 0x58, 0x02, 0x42, 0x00, 0xe5,
    0x10, 0x0a, 0xc0, 0x3f, 0xf8, 0xd2, 0x01, 0xac,
    0x03, 0xa4, 0x02, 0x42, 0x00, 0xff, 0xe3, 0x0a,
    0x80, 0x4c, 0x01, 0x8c, 0xc0, 0x17, 0x80, 0x7f,
    0xf2, 0x24, 0x03, 0x38, 0x05, 0x20, 0x11, 0x20,
    0x07, 0xff, 0x20, 0xcc, 0x01, 0x50, 0x00, 0x54,
    0x02, 0xb0, 0x0f, 0xfe, 0x54, 0x80, 0x44, 0xa1,
    0x20, 0x10, 0xb0, 0x07, 0xff, 0x29, 0x48, 0x02,
    0xe0, 0x60, 0x09, 0x80, 0x3f, 0xf9, 0x94, 0x01,
    0x24, 0x88, 0x05, 0x20, 0x1f, 0xfc, 0xc7, 0x00,
    0xcc, 0x01, 0x30, 0x80, 0x7f, 0xf3, 0x58, 0x03,
    0xea, 0x00, 0xff, 0xe7, 0x58, 0x07, 0x90, 0xc0,
    0x3f, 0xf9, 0xc4, 0x80, 0x1d, 0xe0, 0x1f, 0xfd,
    0x0f, 0x00, 0xc4, 0x80, 0x1f, 0xfc, 0x20,

    /* U+0077 "w" */
    0x4f, 0xfc, 0x20, 0x1f, 0xfc, 0x8e, 0xff, 0x94,
    0x03, 0xff, 0x91, 0x3f, 0xf4, 0xa0, 0x80, 0x4e,
    0x01, 0xff, 0xc7, 0x51, 0x00, 0xb8, 0x03, 0xff,
    0x90, 0xc0, 0x15, 0x03, 0x00, 0x54, 0x01, 0xff,
    0xc7, 0xe0, 0x0c, 0x82, 0x01, 0xff, 0xc6, 0x50,
    0x08, 0x8c, 0x28, 0x02, 0x32, 0x00, 0xff, 0xe2,
    0x8a, 0x00, 0x73, 0x00, 0x7f, 0xf1, 0xb8, 0x02,
    0xa0, 0x01, 0x10, 0x02, 0xa0, 0x0f, 0xfe, 0x2b,
    0x00, 0x7a, 0x80, 0x3f, 0xf8, 0xa2, 0x80, 0x13,
    0x00, 0x54, 0x01, 0x28, 0x07, 0xff, 0x16, 0x80,
    0x3c, 0x46, 0x01, 0xff, 0xc4, 0x60, 0x09, 0x04,
    0x02, 0x60, 0x08, 0x8c, 0x03, 0xff, 0x86, 0x64,
    0x01, 0x18, 0x05, 0x40, 0x1f, 0xfc, 0x4a, 0x00,
    0xb8, 0x03, 0x0a, 0x00, 0x54, 0x01, 0xff, 0xc3,
    0xa0, 0x09, 0xa4, 0x02, 0x70, 0x0f, 0xfe, 0x19,
    0x90, 0x00, 0x54, 0x03, 0xb8, 0x02, 0x60, 0x0f,
    0xfe, 0x1b, 0x80, 0x54, 0xa0, 0x10, 0xa0, 0x07,
    0xff, 0x0a, 0x80, 0x27, 0x00, 0xf2, 0x88, 0x04,
    0xa0, 0x1f, 0xfc, 0x15, 0x10, 0x01, 0x18, 0x30,
    0x05, 0xc0, 0x1f, 0xfc, 0x27, 0x00, 0xa8, 0x03,
    0xe7, 0x00, 0xb8, 0x03, 0xff, 0x83, 0xc0, 0x15,
    0x00, 0x28, 0x02, 0x51, 0x00, 0xff, 0xe0, 0x28,
    0x80, 0x08, 0xc0, 0x3e, 0xa0, 0x09, 0x04, 0x03,
    0xfe, 0x14, 0x00, 0x98, 0x00, 0x64, 0x01, 0x38,
    0x07, 0xff, 0x03, 0x80, 0x2a, 0x00, 0xfc, 0x64,
    0x01, 0x38, 0x07, 0xfc, 0xc0, 0x12, 0x88, 0x05,
    0x40, 0x15, 0x00, 0x7f, 0xc2, 0x80, 0x13, 0x00,
    0x7f, 0x50, 0x05, 0x40, 0x1f, 0xf5, 0x00, 0x5c,
    0x01, 0x98, 0x02, 0x32, 0x00, 0xff, 0x38, 0x04,
    0x82, 0x01, 0xfc, 0xc0, 0x11, 0x90, 0x07, 0xf1,
    0x90, 0x00, 0x50, 0x03, 0x0a, 0x00, 0x54, 0x01,
    0xfe, 0xa0, 0x0b, 0x80, 0x3f, 0xc2, 0x80, 0x15,
    0x00, 0x7f, 0x50, 0x04, 0xc0, 0x1e, 0xe0, 0x09,
    0x80, 0x3f, 0x88, 0xc0, 0x02, 0xa0, 0x1f, 0xf7,
    0x00, 0x4c, 0x01, 0xfc, 0xe0, 0x15, 0x00, 0x79,
    0x44, 0x00, 0x28, 0x01, 0xfa, 0x80, 0x27, 0x00,
    0xff, 0xe0, 0x28, 0x04, 0x28, 0x01, 0xf2, 0x88,
    0x00, 0xc8, 0x03, 0xe6, 0x00, 0xb8, 0x03, 0xf3,
    0x00, 0x54, 0x01, 0xff, 0xc1, 0x60, 0x0b, 0x80,
    0x3e, 0xe0, 0x0a, 0x80, 0x3f, 0x50, 0x04, 0xa0,
    0x1f, 0x20, 0x80, 0x08, 0xc0, 0x3f, 0xf8, 0x34,
    0x01, 0x28, 0x07, 0x85, 0x00, 0x26, 0x00, 0xfc,
    0x46, 0x01, 0x30, 0x07, 0xb8, 0x02, 0xa0, 0x0f,
    0xfe, 0x11, 0x90, 0x04, 0xa0, 0x1c, 0xc0, 0x12,
    0x80, 0x7f, 0xa8, 0x02, 0xa0, 0x0e, 0x15, 0x00,
    0x98, 0x03, 0xff, 0x87, 0x40, 0x17, 0x00, 0x75,
    0x00, 0x52, 0x01, 0xfe, 0x70, 0x08, 0xc8, 0x03,
    0x38, 0x04, 0x82, 0x01, 0xff, 0xc3, 0x60, 0x09,
    0x04, 0x02, 0x32, 0x00, 0x11, 0x80, 0x7f, 0x85,
    0x40, 0x2a, 0x00, 0xd4, 0x01, 0x70, 0x07, 0xff,
    0x10, 0x50, 0x02, 0x60, 0x0a, 0x80, 0x2a, 0x00,
    0xff, 0xe0, 0x70, 0x04, 0xa0, 0x11, 0x18, 0x00,
    0x54, 0x03, 0xff, 0x8b, 0xc0, 0x15, 0x00, 0x4e,
    0x01, 0x30, 0x07, 0xff, 0x01, 0x04, 0x00, 0x48,
    0x00, 0xa0, 0x09, 0xc0, 0x3f, 0xf8, 0xca, 0x01,
    0x11, 0x82, 0x88, 0x01, 0x04, 0x03, 0xff, 0x82,
    0xc0, 0x16, 0x80, 0x18, 0x02, 0xa0, 0x0f, 0xfe,
    0x3b, 0x00, 0x56, 0x1c, 0x01, 0x70, 0x07, 0xff,
    0x0a, 0x80, 0x26, 0x04, 0x10, 0x01, 0x18, 0x07,
    0xff, 0x1e, 0x80, 0x26, 0x14, 0x00, 0x0a, 0x80,
    0x7f, 0xf0, 0x88, 0xc0, 0x25, 0xe0, 0x0a, 0x80,
    0x3f, 0xf9, 0x06, 0x40, 0x01, 0xa0, 0x09, 0xc0,
    0x3f, 0xf8, 0x92, 0x01, 0x4a, 0x80, 0x4c, 0x01,
    0xff, 0xc9, 0xa0, 0x09, 0x00, 0x2a, 0x00, 0xff,
    0xe2, 0x28, 0x04, 0x60, 0x12, 0x08, 0x07, 0xff,
    0x25, 0x40, 0x3c, 0x66, 0x00, 0xff, 0xe2, 0xb0,
    0x07, 0xb8, 0x03, 0xff, 0x94, 0x46, 0x01, 0xd4,
    0x01, 0xff, 0xc6, 0xa0, 0x0e, 0x15, 0x00, 0xff,
    0xe5, 0xd0, 0x07, 0x38, 0x07, 0xff, 0x18, 0xc8,
    0x03, 0x38, 0x07, 0xff, 0x31, 0x80, 0x32, 0x88,
    0x07, 0xff, 0x1e, 0x80, 0x35, 0x00, 0x7f, 0xf0,
    0x00,

    /* U+0078 "x" */
    0x0b, 0xff, 0xca, 0x01, 0xff, 0xc6, 0x3f, 0xfd,
    0x80, 0x0a, 0x10, 0x0a, 0x88, 0x03, 0xff, 0x88,
    0x3c, 0x01, 0x0e, 0x80, 0x07, 0x40, 0x37, 0x80,
    0x7f, 0xf1, 0x28, 0x80, 0x2a, 0x10, 0x08, 0xe0,
    0x02, 0x2a, 0x00, 0xff, 0xe1, 0x3a, 0x00, 0x4e,
    0x80, 0x1c, 0xe8, 0x01, 0x2b, 0x00, 0x7f, 0xf0,
    0x0e, 0x00, 0x24, 0x80, 0x0f, 0xa8, 0x80, 0x29,
    0x20, 0x0f, 0xf0, 0xe8, 0x04, 0x34, 0x01, 0xf8,
    0x78, 0x03, 0x78, 0x07, 0xfa, 0x84, 0x02, 0xd1,
    0x00, 0xfe, 0x39, 0x00, 0x8a, 0x80, 0x3f, 0x42,
    0x00, 0x50, 0x60, 0x1f, 0xf3, 0x28, 0x04, 0xae,
    0x01, 0xe4, 0x70, 0x09, 0x5c, 0x03, 0xff, 0x83,
    0x44, 0x01, 0x41, 0x80, 0x61, 0xa0, 0x08, 0xa8,
    0x03, 0xff, 0x87, 0xe0, 0x1b, 0x44, 0x02, 0xd1,
    0x00, 0xbc, 0x03, 0xff, 0x88, 0x54, 0x01, 0x0d,
    0x00, 0x20, 0xc0, 0x29, 0x20, 0x0f, 0xfe, 0x2a,
    0xb8, 0x04, 0x8e, 0xae, 0x01, 0x33, 0x00, 0x3f,
    0xf8, 0xf0, 0x60, 0x14, 0x50, 0x04, 0x52, 0x01,
    0xff, 0xc9, 0xd1, 0x00, 0xfb, 0xc0, 0x3f, 0xf9,
    0x43, 0x40, 0x1e, 0xa2, 0x00, 0xff, 0xe5, 0xa2,
    0x80, 0x64, 0x50, 0x0f, 0xfe, 0x61, 0xa8, 0x06,
    0x44, 0x00, 0x7f, 0xf2, 0xc7, 0x40, 0x3d, 0x42,
    0x01, 0xff, 0xca, 0xa1, 0x00, 0xf0, 0xe8, 0x07,
    0xff, 0x26, 0x10, 0x02, 0x79, 0x00, 0x8e, 0x40,
    0x3f, 0xf8, 0xe8, 0xe0, 0x12, 0x43, 0x28, 0x04,
    0xca, 0x01, 0xff, 0xc5, 0x1a, 0x00, 0x86, 0x80,
    0x14, 0x40, 0x15, 0x10, 0x07, 0xff, 0x13, 0x44,
    0x02, 0xa1, 0x00, 0xbc, 0x03, 0x78, 0x07, 0xff,
    0x0e, 0x0c, 0x02, 0x74, 0x00, 0xc5, 0x20, 0x11,
    0x50, 0x07, 0xff, 0x05, 0x5c, 0x02, 0x48, 0x00,
    0xf3, 0x28, 0x04, 0xac, 0x01, 0xff, 0x15, 0x00,
    0x43, 0x40, 0x1f, 0xa8, 0x80, 0x29, 0x30, 0x0f,
    0xf7, 0x00, 0x6d, 0x10, 0x0f, 0xef, 0x00, 0xda,
    0x20, 0x1f, 0xa4, 0xc0, 0x28, 0x30, 0x0f, 0xf1,
    0x50, 0x04, 0x34, 0x01, 0xf2, 0xb0, 0x04, 0x8e,
    0x01, 0xff, 0xc0, 0x56, 0x00, 0x91, 0xc0, 0x38,
    0xa8, 0x02, 0x1a, 0x00, 0xff, 0xe1, 0x49, 0x00,
    0x50, 0x80, 0x1b, 0xc0, 0x36, 0x88, 0x07, 0xff,
    0x0f, 0xc0, 0x35, 0x08, 0x02, 0x88, 0x02, 0x83,
    0x00, 0xff, 0xe2, 0x15, 0x00, 0x43, 0xa0, 0xca,
    0x01, 0x23, 0x80, 0x7f, 0xf1, 0x95, 0x80, 0x23,
    0x90,

    /* U+0079 "y" */
    0x00, 0x5f, 0xfe, 0x10, 0x0f, 0xfe, 0x58, 0xff,
    0xe6, 0x00, 0x78, 0x06, 0x60, 0x0f, 0xfe, 0x5c,
    0x80, 0x42, 0xc0, 0x04, 0x20, 0x0a, 0x40, 0x3f,
    0xf9, 0x6c, 0x01, 0x30, 0x06, 0x80, 0x08, 0x54,
    0x03, 0xff, 0x92, 0xc2, 0x01, 0x48, 0x06, 0x51,
    0x00, 0xa4, 0x03, 0xff, 0x93, 0x60, 0x13, 0x08,
    0x07, 0x48, 0x04, 0x66, 0x00, 0xff, 0xe3, 0xa9,
    0x00, 0x56, 0x01, 0xe6, 0x00, 0xd2, 0x01, 0xff,
    0xc7, 0x90, 0x09, 0x08, 0x03, 0xc2, 0xc0, 0x12,
    0x90, 0x07, 0xff, 0x14, 0xcc, 0x01, 0x40, 0x07,
    0xeb, 0x00, 0xd6, 0x01, 0xff, 0xc5, 0x90, 0x08,
    0xcc, 0x01, 0xf8, 0x90, 0x02, 0x60, 0x0f, 0xfe,
    0x21, 0x28, 0x05, 0x20, 0x1f, 0xe8, 0x00, 0xce,
    0x01, 0xff, 0xc3, 0xa0, 0x08, 0x54, 0x03, 0xfc,
    0x66, 0x00, 0xa4, 0x03, 0xff, 0x86, 0xe0, 0x14,
    0x80, 0x7f, 0xf0, 0x24, 0x02, 0x15, 0x00, 0xff,
    0xe0, 0xb8, 0x06, 0x70, 0x0f, 0xfe, 0x02, 0x88,
    0x05, 0x20, 0x1f, 0xfc, 0x19, 0x00, 0x9c, 0x03,
    0xff, 0x85, 0x20, 0x11, 0x98, 0x03, 0xfe, 0x51,
    0x00, 0xa4, 0x03, 0xff, 0x84, 0xe0, 0x1a, 0x40,
    0x3f, 0xe9, 0x00, 0x94, 0x40, 0x3f, 0xf8, 0x6e,
    0x01, 0x29, 0x00, 0x7f, 0x19, 0x80, 0x29, 0x00,
    0xff, 0xe2, 0x50, 0x06, 0xa0, 0x0f, 0xe8, 0x00,
    0x90, 0xc0, 0x3f, 0xf8, 0x84, 0xa0, 0x13, 0x80,
    0x7e, 0x24, 0x00, 0xbc, 0x03, 0xff, 0x8d, 0x20,
    0x19, 0xc0, 0x3e, 0xb0, 0x08, 0x90, 0x03, 0xff,
    0x8c, 0x66, 0x00, 0xa8, 0x03, 0xc2, 0xc0, 0x15,
    0x80, 0x7f, 0xf2, 0x24, 0x02, 0x25, 0x00, 0xe6,
    0x00, 0x85, 0x80, 0x3f, 0xf9, 0x0a, 0x40, 0x14,
    0x80, 0x74, 0x80, 0x52, 0x01, 0xff, 0xca, 0xb0,
    0x08, 0xcc, 0x01, 0x30, 0x80, 0x4c, 0x01, 0xff,
    0xca, 0x60, 0x0d, 0x20, 0x15, 0x80, 0x4c, 0x20,
    0x1f, 0xfc, 0xb7, 0x00, 0x94, 0x41, 0x08, 0x02,
    0xb0, 0x0f, 0xfe, 0x64, 0x80, 0x69, 0x0f, 0x00,
    0x90, 0x80, 0x3f, 0xf9, 0x82, 0xa0, 0x13, 0x9a,
    0x00, 0x50, 0x01, 0xff, 0xce, 0x90, 0x0d, 0xa0,
    0x11, 0x98, 0x03, 0xff, 0x9c, 0x66, 0x00, 0x84,
    0x02, 0x90, 0x0f, 0xfe, 0x84, 0x00, 0x78, 0x94,
    0x03, 0xff, 0xa0, 0x84, 0x01, 0xd4, 0x01, 0xff,
    0xd2, 0xb0, 0x0c, 0x2e, 0x01, 0xff, 0xd2, 0x70,
    0x0c, 0xc0, 0x1f, 0xfd, 0x36, 0x00, 0xd2, 0x01,
    0xff, 0xd3, 0x90, 0x09, 0x44, 0x03, 0xff, 0xa4,
    0xc2, 0x01, 0x48, 0x07, 0xff, 0x4e, 0xc0, 0x24,
    0x30, 0x0f, 0xfe, 0x93, 0x90, 0x05, 0xe0, 0x1f,
    0xfc, 0x72, 0x00, 0xff, 0x1c, 0x00, 0x46, 0x80,
    0x1f, 0xfc, 0x61, 0xda, 0x10, 0x0f, 0x8b, 0x40,
    0x37, 0x00, 0x7f, 0xf1, 0xe8, 0x17, 0xe0, 0x80,
    0x22, 0x8d, 0x10, 0x0a, 0x08, 0x03, 0xff, 0x8c,
    0xa8, 0x00, 0x17, 0xdf, 0xef, 0xd7, 0x00, 0xca,
    0xe0, 0x1f, 0xfc, 0x74, 0x20, 0x0f, 0x08, 0x07,
    0x96, 0x80, 0x3f, 0xf9, 0x03, 0xb0, 0x01, 0xfe,
    0x19, 0xa0, 0x0f, 0xfe, 0x5b, 0xfd, 0x29, 0x00,
    0x44, 0xb3, 0xcc, 0x01, 0xff, 0xca,

    /* U+007A "z" */
    0x0e, 0xff, 0xff, 0xe6, 0xd0, 0x07, 0xff, 0xc1,
    0x4c, 0xff, 0xf8, 0xe4, 0x01, 0xd2, 0x00, 0xbc,
    0xcf, 0xfe, 0x3b, 0x80, 0x69, 0x30, 0x0f, 0xfe,
    0x4b, 0xa8, 0x04, 0xac, 0x01, 0xff, 0xc9, 0x38,
    0x00, 0x8a, 0x80, 0x3f, 0xf9, 0x23, 0xa0, 0x1b,
    0xc0, 0x3f, 0xf9, 0x5a, 0x20, 0x15, 0x10, 0x07,
    0xff, 0x26, 0x4c, 0x02, 0x75, 0x00, 0xff, 0xe4,
    0xab, 0x00, 0x47, 0x00, 0x1f, 0xfc, 0x92, 0xa0,
    0x08, 0x74, 0x03, 0xff, 0x95, 0xe0, 0x1b, 0x44,
    0x03, 0xff, 0x93, 0x44, 0x01, 0x41, 0x80, 0x7f,
    0xf2, 0x5d, 0x40, 0x25, 0x70, 0x0f, 0xfe, 0x4a,
    0x40, 0x04, 0x54, 0x01, 0xff, 0xc9, 0x1a, 0x00,
    0xde, 0x01, 0xff, 0xca, 0xd1, 0x00, 0xa8, 0x80,
    0x3f, 0xf9, 0x32, 0x60, 0x13, 0x28, 0x07, 0xff,
    0x25, 0x58, 0x02, 0x39, 0x00, 0xff, 0xe4, 0x95,
    0x00, 0x43, 0xa0, 0x1f, 0xfc, 0x91, 0xf0, 0x0d,
    0x42, 0x01, 0xff, 0xc9, 0xa2, 0x00, 0xa1, 0x00,
    0x3f, 0xf9, 0x2e, 0x80, 0x12, 0x38, 0x07, 0xff,
    0x25, 0x20, 0x02, 0x2a, 0x00, 0xff, 0xe4, 0x8d,
    0x00, 0x6f, 0x10, 0x0f, 0xfe, 0x4e, 0x88, 0x05,
    0x44, 0x01, 0xff, 0xc9, 0x93, 0x00, 0x99, 0x40,
    0x3f, 0xf9, 0x2c, 0xc0, 0x08, 0xe4, 0x03, 0xff,
    0x92, 0x72, 0x01, 0x0e, 0x80, 0x7f, 0xf2, 0x47,
    0x80, 0x3b, 0x73, 0x3f, 0xf9, 0x02, 0x84, 0x01,
    0x84, 0xcf, 0xff, 0x92, 0x01, 0xff, 0xef,

    /* U+007B "{" */
    0x00, 0xff, 0x2d, 0x6f, 0xfe, 0x00, 0xfe, 0x3d,
    0xa5, 0x20, 0x0f, 0xfe, 0x02, 0x61, 0x00, 0x7f,
    0xf0, 0xe8, 0x03, 0xc4, 0x66, 0x00, 0xf9, 0xc4,
    0x03, 0x47, 0xee, 0x60, 0x03, 0xeb, 0x00, 0xd4,
    0xe0, 0x1f, 0xf1, 0x80, 0x44, 0xa0, 0x1f, 0xf0,
    0x80, 0x64, 0x00, 0xff, 0xe2, 0xf0, 0x07, 0xff,
    0xfc, 0x03, 0xff, 0xfe, 0x01, 0xff, 0xff, 0x00,
    0xff, 0xff, 0x98, 0x06, 0x10, 0x0f, 0xfe, 0x02,
    0x00, 0x62, 0x00, 0xff, 0x96, 0x00, 0x32, 0x80,
    0x7c, 0x5f, 0xf5, 0x08, 0x05, 0x02, 0x01, 0xff,
    0xc2, 0x19, 0x70, 0x0f, 0xfe, 0x18, 0xf8, 0x07,
    0xf8, 0x88, 0x20, 0x19, 0xa4, 0x03, 0xf1, 0x6e,
    0xbb, 0x44, 0x02, 0x61, 0x00, 0xff, 0x8a, 0xc0,
    0x32, 0x00, 0x7f, 0xf0, 0x1c, 0x03, 0x18, 0x07,
    0xff, 0x00, 0xc0, 0x30, 0x80, 0x7f, 0xff, 0xc0,
    0x3f, 0xff, 0xe0, 0x1f, 0xff, 0xf0, 0x0f, 0xff,
    0xf8, 0x07, 0x70, 0x07, 0xff, 0x00, 0x40, 0x32,
    0x00, 0x7f, 0xf0, 0x50, 0x02, 0x26, 0x00, 0xff,
    0xe0, 0x68, 0x06, 0x97, 0x00, 0xff, 0x98, 0x40,
    0x34, 0x7e, 0xe6, 0x00, 0x3f, 0x68, 0x07, 0x88,
    0xcc, 0x01, 0xf8, 0xf0, 0x80, 0x3f, 0xf8, 0x87,
    0xb4, 0xa4, 0x01, 0xc0,

    /* U+007C "|" */
    0xbf, 0xfa, 0x00, 0x3f, 0xff, 0xe0, 0x1f, 0xff,
    0xf0, 0x0f, 0xff, 0xf8, 0x07, 0xff, 0xe8,

    /* U+007D "}" */
    0xaf, 0xfb, 0xad, 0xc4, 0x03, 0xff, 0x82, 0x29,
    0x1c, 0xe0, 0x1f, 0xfc, 0x48, 0x90, 0x0f, 0x88,
    0xcc, 0x20, 0x1c, 0xca, 0x01, 0xe8, 0xcc, 0x76,
    0x10, 0x06, 0x80, 0x0f, 0xf1, 0xe0, 0x80, 0x44,
    0x40, 0x0f, 0xf0, 0xc8, 0x06, 0x70, 0x0f, 0xf9,
    0x00, 0x31, 0x00, 0x7f, 0xc4, 0x01, 0xff, 0xff,
    0x00, 0xff, 0xff, 0x80, 0x7f, 0xff, 0xc0, 0x3f,
    0xfe, 0x62, 0x01, 0xbc, 0x03, 0xff, 0x80, 0x20,
    0x12, 0x00, 0x7f, 0xf0, 0x10, 0x02, 0x39, 0x10,
    0x0f, 0xf4, 0x00, 0x66, 0xef, 0xf4, 0x00, 0x7c,
    0x5a, 0x80, 0x1f, 0xfc, 0x37, 0x50, 0x0f, 0xfe,
    0x12, 0x50, 0x80, 0x62, 0x27, 0x80, 0x7d, 0xe0,
    0x1a, 0x3f, 0x74, 0xe0, 0x1f, 0x20, 0x04, 0x8e,
    0x01, 0xff, 0xc3, 0x30, 0x0f, 0xf8, 0x40, 0x37,
    0x80, 0x7f, 0xff, 0xc0, 0x3f, 0xff, 0xe0, 0x1f,
    0xff, 0xf0, 0x0f, 0xff, 0x71, 0x00, 0x7f, 0xf1,
    0x10, 0x03, 0x10, 0x07, 0xf8, 0x64, 0x03, 0x20,
    0x07, 0xf1, 0xe0, 0x80, 0x46, 0x20, 0x1d, 0x19,
    0x8e, 0xc2, 0x00, 0xd0, 0x01, 0xe2, 0x33, 0x08,
    0x07, 0x32, 0x00, 0x7f, 0xf0, 0xa2, 0x40, 0x3f,
    0xe1, 0x48, 0xe7, 0x00, 0xfc,

    /* U+007E "~" */
    0x00, 0xe3, 0xae, 0xff, 0x6c, 0x98, 0x07, 0xff,
    0x04, 0xaa, 0x90, 0x01, 0xab, 0x14, 0x40, 0x04,
    0xd9, 0x42, 0x01, 0xff, 0x3a, 0xa9, 0x00, 0x2b,
    0x50, 0x0f, 0xcb, 0xe6, 0x01, 0xfe, 0xd0, 0x03,
    0x00, 0x1d, 0x00, 0x22, 0x55, 0x10, 0x04, 0x38,
    0xa0, 0x1f, 0xca, 0x00, 0xd0, 0x18, 0x00, 0xaf,
    0x6a, 0x9b, 0x84, 0x01, 0x53, 0x80, 0x7c, 0xe4,
    0x00, 0x40, 0x70, 0x0a, 0xd0, 0x03, 0x1e, 0xa8,
    0x05, 0x14, 0x20, 0x19, 0xa0, 0x00, 0x46, 0x18,
    0x00, 0x44, 0x00, 0x7d, 0x4e, 0x01, 0x2f, 0x5c,
    0x4e, 0xc8, 0x05, 0x20, 0x07, 0x00, 0x70, 0x07,
    0xf4, 0x50, 0x06, 0x47, 0x62, 0x00, 0x99, 0x00,
    0x04, 0x00, 0x70, 0x0f, 0xf2, 0xe9, 0x80, 0x7e,
    0x79, 0x00, 0x95, 0x62, 0x00, 0xff, 0x8b, 0x2d,
    0x44, 0x00, 0x4d, 0xb0, 0x01, 0x00,

    /* U+00B0 "°" */
    0x00, 0xf2, 0x4e, 0xff, 0xd9, 0x06, 0x01, 0xfe,
    0x3c, 0xb6, 0x20, 0x08, 0xdf, 0x2c, 0x80, 0x3e,
    0x6c, 0x30, 0x00, 0x9a, 0x18, 0x04, 0x9a, 0x80,
    0x1c, 0xd2, 0x00, 0x4c, 0xec, 0xbc, 0xfb, 0x20,
    0x05, 0xa0, 0x04, 0x72, 0x00, 0x9b, 0x30, 0x0e,
    0x4d, 0x60, 0x05, 0x08, 0x03, 0xc0, 0x10, 0xc0,
    0x1f, 0xd2, 0xa0, 0x30, 0x06, 0x60, 0x27, 0x00,
    0xff, 0xac, 0x00, 0xc1, 0x60, 0x0b, 0x00, 0xff,
    0xe0, 0x0b, 0x00, 0x14, 0xc0, 0x08, 0x01, 0xff,
    0xc1, 0xc0, 0x06, 0xb8, 0x00, 0x80, 0x3f, 0xf8,
    0x2c, 0x00, 0x10, 0x0f, 0xfe, 0x4b, 0x00, 0x08,
    0x03, 0xff, 0x82, 0xc0, 0x0e, 0xd0, 0x02, 0x80,
    0x7f, 0xf0, 0x7c, 0x00, 0x68, 0x00, 0xa0, 0x0f,
    0xfe, 0x00, 0xa8, 0x01, 0x0d, 0x00, 0xa0, 0x03,
    0xfe, 0xa0, 0x03, 0x80, 0x24, 0x00, 0xee, 0x00,
    0xfe, 0xa4, 0x01, 0x80, 0x01, 0x48, 0x02, 0x31,
    0x00, 0x39, 0x75, 0x40, 0x1a, 0x01, 0x9a, 0x40,
    0x07, 0x7d, 0x97, 0x9f, 0x44, 0x03, 0x86, 0x01,
    0xcd, 0x86, 0x00, 0x13, 0x43, 0x00, 0x97, 0xcc,
    0x03, 0xe3, 0xcb, 0x62, 0x00, 0x8d, 0xf2, 0x84,
    0x03, 0x00
};

/*---------------------
 *  GLYPH DESCRIPTION
 *--------------------*/

static const lv_font_fmt_txt_glyph_dsc_t glyph_dsc[] = {
    {.bitmap_index = 0, .adv_w = 0, .box_w = 0, .box_h = 0, .ofs_x = 0, .ofs_y = 0} /* id = 0 reserved */,
    {.bitmap_index = 0, .adv_w = 268, .box_w = 0, .box_h = 0, .ofs_x = 0, .ofs_y = 0},
    {.bitmap_index = 0, .adv_w = 266, .box_w = 8, .box_h = 45, .ofs_x = 4, .ofs_y = 0},
    {.bitmap_index = 101, .adv_w = 382, .box_w = 16, .box_h = 17, .ofs_x = 4, .ofs_y = 28},
    {.bitmap_index = 159, .adv_w = 713, .box_w = 42, .box_h = 45, .ofs_x = 1, .ofs_y = 0},
    {.bitmap_index = 620, .adv_w = 630, .box_w = 34, .box_h = 61, .ofs_x = 3, .ofs_y = -8},
    {.bitmap_index = 1040, .adv_w = 849, .box_w = 49, .box_h = 45, .ofs_x = 2, .ofs_y = 0},
    {.bitmap_index = 1725, .adv_w = 685, .box_w = 39, .box_h = 46, .ofs_x = 3, .ofs_y = -1},
    {.bitmap_index = 2265, .adv_w = 207, .box_w = 5, .box_h = 17, .ofs_x = 4, .ofs_y = 28},
    {.bitmap_index = 2290, .adv_w = 337, .box_w = 13, .box_h = 60, .ofs_x = 6, .ofs_y = -12},
    {.bitmap_index = 2531, .adv_w = 337, .box_w = 13, .box_h = 60, .ofs_x = 2, .ofs_y = -12},
    {.bitmap_index = 2770, .adv_w = 395, .box_w = 23, .box_h = 24, .ofs_x = 1, .ofs_y = 24},
    {.bitmap_index = 2931, .adv_w = 589, .box_w = 29, .box_h = 28, .ofs_x = 4, .ofs_y = 9},
    {.bitmap_index = 3001, .adv_w = 217, .box_w = 8, .box_h = 16, .ofs_x = 3, .ofs_y = -9},
    {.bitmap_index = 3059, .adv_w = 391, .box_w = 18, .box_h = 4, .ofs_x = 3, .ofs_y = 15},
    {.bitmap_index = 3067, .adv_w = 217, .box_w = 8, .box_h = 7, .ofs_x = 3, .ofs_y = 0},
    {.bitmap_index = 3092, .adv_w = 343, .box_w = 26, .box_h = 61, .ofs_x = -2, .ofs_y = -6},
    {.bitmap_index = 3440, .adv_w = 678, .box_w = 37, .box_h = 45, .ofs_x = 3, .ofs_y = 0},
    {.bitmap_index = 3869, .adv_w = 370, .box_w = 16, .box_h = 45, .ofs_x = 0, .ofs_y = 0},
    {.bitmap_index = 3912, .adv_w = 582, .box_w = 33, .box_h = 45, .ofs_x = 1, .ofs_y = 0},
    {.bitmap_index = 4239, .adv_w = 578, .box_w = 33, .box_h = 45, .ofs_x = 0, .ofs_y = 0},
    {.bitmap_index = 4564, .adv_w = 677, .box_w = 40, .box_h = 45, .ofs_x = 2, .ofs_y = 0},
    {.bitmap_index = 4811, .adv_w = 580, .box_w = 33, .box_h = 45, .ofs_x = 1, .ofs_y = 0},
    {.bitmap_index = 5129, .adv_w = 624, .box_w = 34, .box_h = 45, .ofs_x = 3, .ofs_y = 0},
    {.bitmap_index = 5560, .adv_w = 603, .box_w = 33, .box_h = 45, .ofs_x = 2, .ofs_y = 0},
    {.bitmap_index = 5824, .adv_w = 653, .box_w = 35, .box_h = 45, .ofs_x = 3, .ofs_y = 0},
    {.bitmap_index = 6297, .adv_w = 624, .box_w = 35, .box_h = 45, .ofs_x = 1, .ofs_y = 0},
    {.bitmap_index = 6737, .adv_w = 217, .box_w = 8, .box_h = 34, .ofs_x = 3, .ofs_y = 0},
    {.bitmap_index = 6796, .adv_w = 217, .box_w = 8, .box_h = 43, .ofs_x = 3, .ofs_y = -9},
    {.bitmap_index = 6888, .adv_w = 589, .box_w = 29, .box_h = 27, .ofs_x = 4, .ofs_y = 9},
    {.bitmap_index = 7100, .adv_w = 589, .box_w = 29, .box_h = 19, .ofs_x = 4, .ofs_y = 13},
    {.bitmap_index = 7140, .adv_w = 589, .box_w = 29, .box_h = 27, .ofs_x = 4, .ofs_y = 9},
    {.bitmap_index = 7352, .adv_w = 581, .box_w = 32, .box_h = 45, .ofs_x = 0, .ofs_y = 0},
    {.bitmap_index = 7645, .adv_w = 1058, .box_w = 60, .box_h = 57, .ofs_x = 3, .ofs_y = -12},
    {.bitmap_index = 8568, .adv_w = 734, .box_w = 46, .box_h = 45, .ofs_x = 0, .ofs_y = 0},
    {.bitmap_index = 9009, .adv_w = 772, .box_w = 38, .box_h = 45, .ofs_x = 7, .ofs_y = 0},
    {.bitmap_index = 9303, .adv_w = 726, .box_w = 41, .box_h = 45, .ofs_x = 3, .ofs_y = 0},
    {.bitmap_index = 9690, .adv_w = 846, .box_w = 43, .box_h = 45, .ofs_x = 7, .ofs_y = 0},
    {.bitmap_index = 9991, .adv_w = 685, .box_w = 32, .box_h = 45, .ofs_x = 7, .ofs_y = 0},
    {.bitmap_index = 10084, .adv_w = 648, .box_w = 32, .box_h = 45, .ofs_x = 7, .ofs_y = 0},
    {.bitmap_index = 10170, .adv_w = 792, .box_w = 41, .box_h = 45, .ofs_x = 3, .ofs_y = 0},
    {.bitmap_index = 10551, .adv_w = 833, .box_w = 38, .box_h = 45, .ofs_x = 7, .ofs_y = 0},
    {.bitmap_index = 10640, .adv_w = 309, .box_w = 6, .box_h = 45, .ofs_x = 7, .ofs_y = 0},
    {.bitmap_index = 10655, .adv_w = 513, .box_w = 27, .box_h = 45, .ofs_x = -1, .ofs_y = 0},
    {.bitmap_index = 10814, .adv_w = 728, .box_w = 39, .box_h = 45, .ofs_x = 7, .ofs_y = 0},
    {.bitmap_index = 11149, .adv_w = 603, .box_w = 31, .box_h = 45, .ofs_x = 7, .ofs_y = 0},
    {.bitmap_index = 11220, .adv_w = 978, .box_w = 47, .box_h = 45, .ofs_x = 7, .ofs_y = 0},
    {.bitmap_index = 11613, .adv_w = 833, .box_w = 38, .box_h = 45, .ofs_x = 7, .ofs_y = 0},
    {.bitmap_index = 11868, .adv_w = 859, .box_w = 48, .box_h = 45, .ofs_x = 3, .ofs_y = 0},
    {.bitmap_index = 12355, .adv_w = 735, .box_w = 36, .box_h = 45, .ofs_x = 7, .ofs_y = 0},
    {.bitmap_index = 12585, .adv_w = 859, .box_w = 50, .box_h = 54, .ofs_x = 3, .ofs_y = -9},
    {.bitmap_index = 13188, .adv_w = 740, .box_w = 37, .box_h = 45, .ofs_x = 7, .ofs_y = 0},
    {.bitmap_index = 13479, .adv_w = 630, .box_w = 34, .box_h = 45, .ofs_x = 3, .ofs_y = 0},
    {.bitmap_index = 13860, .adv_w = 588, .box_w = 37, .box_h = 45, .ofs_x = 0, .ofs_y = 0},
    {.bitmap_index = 13951, .adv_w = 811, .box_w = 38, .box_h = 45, .ofs_x = 6, .ofs_y = 0},
    {.bitmap_index = 14187, .adv_w = 715, .box_w = 45, .box_h = 45, .ofs_x = 0, .ofs_y = 0},
    {.bitmap_index = 14634, .adv_w = 1138, .box_w = 67, .box_h = 45, .ofs_x = 2, .ofs_y = 0},
    {.bitmap_index = 15430, .adv_w = 672, .box_w = 40, .box_h = 45, .ofs_x = 1, .ofs_y = 0},
    {.bitmap_index = 15896, .adv_w = 650, .box_w = 41, .box_h = 45, .ofs_x = 0, .ofs_y = 0},
    {.bitmap_index = 16224, .adv_w = 667, .box_w = 38, .box_h = 45, .ofs_x = 2, .ofs_y = 0},
    {.bitmap_index = 16492, .adv_w = 326, .box_w = 13, .box_h = 60, .ofs_x = 7, .ofs_y = -12},
    {.bitmap_index = 16541, .adv_w = 343, .box_w = 27, .box_h = 61, .ofs_x = -3, .ofs_y = -6},
    {.bitmap_index = 16883, .adv_w = 326, .box_w = 13, .box_h = 60, .ofs_x = 1, .ofs_y = -12},
    {.bitmap_index = 16935, .adv_w = 590, .box_w = 27, .box_h = 27, .ofs_x = 5, .ofs_y = 9},
    {.bitmap_index = 17165, .adv_w = 512, .box_w = 32, .box_h = 4, .ofs_x = 0, .ofs_y = -3},
    {.bitmap_index = 17175, .adv_w = 614, .box_w = 16, .box_h = 8, .ofs_x = 8, .ofs_y = 39},
    {.bitmap_index = 17219, .adv_w = 604, .box_w = 29, .box_h = 34, .ofs_x = 3, .ofs_y = 0},
    {.bitmap_index = 17498, .adv_w = 694, .box_w = 35, .box_h = 48, .ofs_x = 6, .ofs_y = 0},
    {.bitmap_index = 17835, .adv_w = 577, .box_w = 32, .box_h = 34, .ofs_x = 2, .ofs_y = 0},
    {.bitmap_index = 18114, .adv_w = 694, .box_w = 36, .box_h = 48, .ofs_x = 2, .ofs_y = 0},
    {.bitmap_index = 18452, .adv_w = 618, .box_w = 34, .box_h = 34, .ofs_x = 2, .ofs_y = 0},
    {.bitmap_index = 18760, .adv_w = 347, .box_w = 23, .box_h = 48, .ofs_x = 1, .ofs_y = 0},
    {.bitmap_index = 18893, .adv_w = 701, .box_w = 36, .box_h = 46, .ofs_x = 2, .ofs_y = -12},
    {.bitmap_index = 19338, .adv_w = 692, .box_w = 32, .box_h = 48, .ofs_x = 6, .ofs_y = 0},
    {.bitmap_index = 19526, .adv_w = 275, .box_w = 7, .box_h = 48, .ofs_x = 5, .ofs_y = 0},
    {.bitmap_index = 19566, .adv_w = 281, .box_w = 19, .box_h = 60, .ofs_x = -6, .ofs_y = -12},
    {.bitmap_index = 19713, .adv_w = 612, .box_w = 32, .box_h = 48, .ofs_x = 6, .ofs_y = 0},
    {.bitmap_index = 19987, .adv_w = 275, .box_w = 5, .box_h = 48, .ofs_x = 6, .ofs_y = 0},
    {.bitmap_index = 20001, .adv_w = 1086, .box_w = 56, .box_h = 34, .ofs_x = 6, .ofs_y = 0},
    {.bitmap_index = 20306, .adv_w = 692, .box_w = 32, .box_h = 34, .ofs_x = 6, .ofs_y = 0},
    {.bitmap_index = 20477, .adv_w = 642, .box_w = 36, .box_h = 34, .ofs_x = 2, .ofs_y = 0},
    {.bitmap_index = 20815, .adv_w = 694, .box_w = 35, .box_h = 46, .ofs_x = 6, .ofs_y = -12},
    {.bitmap_index = 21159, .adv_w = 694, .box_w = 36, .box_h = 46, .ofs_x = 2, .ofs_y = -12},
    {.bitmap_index = 21501, .adv_w = 411, .box_w = 18, .box_h = 34, .ofs_x = 6, .ofs_y = 0},
    {.bitmap_index = 21597, .adv_w = 500, .box_w = 29, .box_h = 34, .ofs_x = 1, .ofs_y = 0},
    {.bitmap_index = 21881, .adv_w = 416, .box_w = 24, .box_h = 42, .ofs_x = 1, .ofs_y = 0},
    {.bitmap_index = 22008, .adv_w = 688, .box_w = 31, .box_h = 34, .ofs_x = 6, .ofs_y = 0},
    {.bitmap_index = 22170, .adv_w = 555, .box_w = 35, .box_h = 34, .ofs_x = 0, .ofs_y = 0},
    {.bitmap_index = 22489, .adv_w = 900, .box_w = 56, .box_h = 34, .ofs_x = 0, .ofs_y = 0},
    {.bitmap_index = 23058, .adv_w = 547, .box_w = 32, .box_h = 34, .ofs_x = 1, .ofs_y = 0},
    {.bitmap_index = 23387, .adv_w = 555, .box_w = 37, .box_h = 46, .ofs_x = -2, .ofs_y = -12},
    {.bitmap_index = 23809, .adv_w = 523, .box_w = 29, .box_h = 34, .ofs_x = 2, .ofs_y = 0},
    {.bitmap_index = 24008, .adv_w = 342, .box_w = 18, .box_h = 60, .ofs_x = 3, .ofs_y = -12},
    {.bitmap_index = 24180, .adv_w = 301, .box_w = 5, .box_h = 60, .ofs_x = 7, .ofs_y = -12},
    {.bitmap_index = 24195, .adv_w = 342, .box_w = 17, .box_h = 60, .ofs_x = 1, .ofs_y = -12},
    {.bitmap_index = 24360, .adv_w = 589, .box_w = 30, .box_h = 10, .ofs_x = 3, .ofs_y = 17},
    {.bitmap_index = 24478, .adv_w = 429, .box_w = 21, .box_h = 20, .ofs_x = 3, .ofs_y = 25}
};

/*---------------------
 *  CHARACTER MAPPING
 *--------------------*/



/*Collect the unicode lists and glyph_id offsets*/
static const lv_font_fmt_txt_cmap_t cmaps[] =
{
    {
        .range_start = 32, .range_length = 95, .glyph_id_start = 1,
        .unicode_list = NULL, .glyph_id_ofs_list = NULL, .list_length = 0, .type = LV_FONT_FMT_TXT_CMAP_FORMAT0_TINY
    },
    {
        .range_start = 176, .range_length = 1, .glyph_id_start = 96,
        .unicode_list = NULL, .glyph_id_ofs_list = NULL, .list_length = 0, .type = LV_FONT_FMT_TXT_CMAP_FORMAT0_TINY
    }
};



/*--------------------
 *  ALL CUSTOM DATA
 *--------------------*/

#if LVGL_VERSION_MAJOR == 8
/*Store all the custom data of the font*/
static  lv_font_fmt_txt_glyph_cache_t cache;
#endif

#if LVGL_VERSION_MAJOR >= 8
static const lv_font_fmt_txt_dsc_t font_dsc = {
#else
static lv_font_fmt_txt_dsc_t font_dsc = {
#endif
    .glyph_bitmap = glyph_bitmap,
    .glyph_dsc = glyph_dsc,
    .cmaps = cmaps,
    .kern_dsc = NULL,
    .kern_scale = 0,
    .cmap_num = 2,
    .bpp = 4,
    .kern_classes = 0,
    .bitmap_format = 1,
#if LVGL_VERSION_MAJOR == 8
    .cache = &cache
#endif

};



/*-----------------
 *  PUBLIC FONT
 *----------------*/

/*Initialize a public general font descriptor*/
#if LVGL_VERSION_MAJOR >= 8
const lv_font_t lv_font_montserrat_64 = {
#else
lv_font_t lv_font_montserrat_64 = {
#endif
    .get_glyph_dsc = lv_font_get_glyph_dsc_fmt_txt,    /*Function pointer to get glyph's data*/
    .get_glyph_bitmap = lv_font_get_bitmap_fmt_txt,    /*Function pointer to get glyph's bitmap*/
    .line_height = 67,          /*The maximum line height required by the font*/
    .base_line = 12,             /*Baseline measured from the bottom of the line*/
#if !(LVGL_VERSION_MAJOR == 6 && LVGL_VERSION_MINOR == 0)
    .subpx = LV_FONT_SUBPX_NONE,
#endif
#if LV_VERSION_CHECK(7, 4, 0) || LVGL_VERSION_MAJOR >= 8
    .underline_position = -6,
    .underline_thickness = 3,
#endif

#if LV_VERSION_CHECK(9, 3, 0)
    .static_bitmap = 0,    /*Bitmaps are stored as const so they are always static if not compressed */
#endif

    .dsc = &font_dsc,          /*The custom font data. Will be accessed by `get_glyph_bitmap/dsc` */
#if LV_VERSION_CHECK(8, 2, 0) || LVGL_VERSION_MAJOR >= 9
    .fallback = NULL,
#endif
    .user_data = NULL,
};



#endif /*#if LV_FONT_MONTSERRAT_64*/
